,word,annotation_done
0,ং,0
1,ঃ,0
2,অ,0
3,অংশ,0
4,অংশগ্রহণ,0
5,অংশীদার,0
6,অকটেন,0
7,অকৃতকার্য/ফেল,0
8,অক্টোবর,0
9,অক্ষত,0
10,অক্ষম,0
11,অক্ষর,0
12,অক্সিজেন,0
13,অখন্ড,0
14,অগণিত,0
15,অগ্নিশিখা,0
16,অগ্নুৎপাত,0
17,অগ্রসর হওয়া,0
18,অগ্রহায়ণ,0
19,অগ্রীম,0
20,অঙ্গহানি,0
21,অঙ্গীকারনামা,0
22,অচল,0
23,অচল টাকা,0
24,অচেনা,0
25,অজগর সাপ,0
26,অজু,0
27,অজুহাত,0
28,অজ্ঞান,0
29,অঞ্চল/এলাকা,0
30,অটুট,0
31,অডিও ক্যাসেট,0
32,অঢেল,0
33,অতিক্রম (দূরত্ব),0
34,অতিক্রম (বাঁধা),0
35,অতিরিক্ত,0
36,অতীত,0
37,অতৃপ্তি,0
38,অত্যাচার,0
39,অত্যাবশ্যক,0
40,অথবা,0
41,অদল বদল,0
42,অদৃশ্য,0
43,অদ্ভুত,0
44,অধঃপতন,0
45,অধঃস্তন,0
46,অধিক,0
47,অধিকাংশ,0
48,অধিকার,0
49,অধ্যক্ষ,0
50,অনবরত,0
51,অনশন,0
52,অনাত্মীয়,0
53,অনাদায়,0
54,অনাবৃষ্টি,0
55,অনামিকা,0
56,অনাস্থা,0
57,অনাহার,0
58,অনিচ্ছা,0
59,অনিদ্রা,0
60,অনিয়ম,0
61,অনিশ্চিত,0
62,অনুকরণ,0
63,অনুগত,0
64,অনুগ্রহ করা,0
65,অনুচর,0
66,অনুচিৎ,0
67,অনুতপ্ত,0
68,অনুদান,0
69,অনুনয়,0
70,অনুপস্থিত,0
71,অনুপাত,0
72,অনুবাদ,0
73,অনুভব,0
74,অনুভূতি,0
75,অনুমতি নেয়া,0
76,অনুমান,0
77,অনুমোদন,0
78,অনুযায়ী,0
79,অনুরোধ করা,0
80,অনুশীলন,0
81,অনুষ্ঠান,0
82,অনুসরণ করা,0
83,অনুসারী,0
84,অনেক দিন আগে,0
85,অনেকগুলো,0
86,অনেকেই,0
87,অন্তরঙ্গ,0
88,অন্তর্বাস,0
89,অন্তর্ভুক্ত,0
90,অন্তর্ভুক্তি,0
91,অন্তিম,0
92,অন্ধকার,0
93,অন্য,0
94,অন্যত্র,0
95,অন্যায়,0
96,অপকর্ম,0
97,অপকার,0
98,অপচয়,0
99,অপব্যয়,0
100,অপমান করা,0
101,অপরাজিত,0
102,অপরাধ,0
103,অপরিচিত,0
104,অপরিহার্য,0
105,অপর্যাপ্ত,0
106,অপসারণ,0
107,অপহরণ,0
108,অপুষ্টি,0
109,অপেক্ষা,0
110,অপ্রতিদ্বন্দ্বী,0
111,অপ্রাপ্ত বয়স্ক,0
112,অপ্রাসঙ্গিক,0
113,অপ্রিয়,0
114,অফিস,0
115,অফুরন্ত,0
116,অবগতি,0
117,অবতরণ,0
118,অবদান,0
119,অবনতি,0
120,অববাহিকা,0
121,অবমাননা,0
122,অবরোধ,0
123,অবশ,0
124,অবশিষ্ট,0
125,অবশেষে,0
126,অবশ্যই,0
127,অবসর কাটানো,0
128,অবসর গ্রহণ,0
129,অবস্থান,0
130,অবহিত,0
131,অবহেলা,0
132,অবহেলিত,0
133,অবাক,0
134,অবৈতনিক,0
135,অভদ্র,0
136,অভাব,0
137,অভিজাত,0
138,অভিজ্ঞতা,0
139,অভিধান,0
140,অভিনন্দন,0
141,অভিনয়,0
142,অভিনেতা,0
143,অভিনেত্রী,0
144,অভিভাবক,0
145,অভিমান,0
146,অভিযান,0
147,অভিযুক্ত,0
148,অভিযোগ,0
149,অভিযোগকারী,0
150,অভিশাপ,0
151,অভ্যন্তরীণ সজ্জা,0
152,অভ্যর্থনা,0
153,অভ্যাস,0
154,অমাবস্যা,0
155,অমিল,0
156,অরুচি,0
157,অর্জন করা,0
158,অর্থ/মানে,0
159,অর্থনীতি,0
160,অর্ধেক,0
161,অলংকার,0
162,অলক্ষী,0
163,অলস,0
164,অলিম্পিক গেমস,0
165,অল্প,0
166,অশ্রু,0
167,অশ্লীল,0
168,অসভ্য,0
169,অসমতা,0
170,অসম্পূর্ণ,0
171,অসম্ভব,0
172,অসম্মান,0
173,অসহায়,0
174,অসহ্য,0
175,অসাবধানতা,0
176,অসীম,0
177,অসুবিধা,0
178,অসুস্থ,0
179,অস্ট্রেলিয়া,0
180,অস্তমিত,0
181,অস্ত্রোপচার/অপারেশন,0
182,অস্থায়ী,0
183,অস্থির,0
184,অস্পষ্ট,0
185,অস্পষ্ট উচ্চারণ,0
186,অস্বস্তি,0
187,অসৎ মানুষ,0
188,অহংকার,0
189,অহংকারী,0
190,অ্যাপার্টমেন্ট,0
191,অ্যাম্বুলেন্স,0
192,আ,0
193,আঁকড়ে ধরা,0
194,আঁকা,0
195,আঁকা ছবি,0
196,আঁচিল,0
197,আঁচড়,0
198,আঁটি/বীজ,0
199,আঁতুরঘর,0
200,আংটি,0
201,আংশিক,0
202,আইএমএফ,0
203,আইন,0
204,আইসক্রীম,0
205,আওয়াজ,0
206,আকর্ষণ,0
207,আকার,0
208,আকাশ,0
209,আকাশী রং,0
210,আকিকা,0
211,আকৃতি,0
212,আক্রমণ,0
213,আক্ষেপ,0
214,আখ,0
215,আখের গুড়,0
216,আগমন,0
217,আগরবাতি,0
218,আগলে রাখা,0
219,আগস্ট,0
220,আগাগোড়া,0
221,আগাছা,0
222,আগামী,0
223,আগামীকাল,0
224,আগুন,0
225,আগুন পোহানো,0
226,আগে,0
227,আগ্নেয়গিরি,0
228,আগ্নেয়াস্ত্র,0
229,আগ্রহ,0
230,আঘাত,0
231,আঙুল,0
232,আঙ্গুর,0
233,আচরণ,0
234,আচরণগত পরিবর্তন,0
235,আচার,0
236,আচ্ছা,0
237,আছাড়,0
238,আছে,0
239,আজ,0
240,আজন্ম,0
241,আজেবাজে কথা,0
242,আজেবাজে কাজ,0
243,আঞ্চলিক,0
244,আট,0
245,আটক,0
246,আটা,0
247,আঠা,0
248,আঠারো,0
249,আড়াআড়ি,0
250,আড়াই,0
251,আড়াল,0
252,আড়িপাতা,0
253,আড্ডা দেয়া,0
254,আতপ চাল,0
255,আতর,0
256,আতা,0
257,আত্ম-নির্ভরশীল,0
258,আত্মগোপন,0
259,আত্মবিশ্বাস,0
260,আত্মরক্ষা,0
261,আত্মসমর্পণ,0
262,আত্মসাৎ,0
263,আত্মহত্যা,0
264,আত্মীয়,0
265,আদমশুমারি,0
266,আদর,0
267,আদা,0
268,আদান প্রদান,0
269,আদায়,0
270,আদালত,0
271,আদায়,0
272,আদেশ করা,0
273,আদ্রতা,0
274,আধা সরকারী,0
275,আধুনিক,0
276,আনন্দ,0
277,আনাগোনা,0
278,আনারস,0
279,আন্ডারপাস,0
280,আন্তরিক,0
281,আন্তর্জাতিক,0
282,আন্তর্জাতিক সম্পর্ক,0
283,আন্দোলন,0
284,আপত্তি,0
285,আপন,0
286,আপনাদের/তোমাদের,0
287,আপনারা/তোমরা,0
288,আপনি/তুমি,0
289,আপা/ম্যাডাম,0
290,আপিল,0
291,আপেল,0
292,আপ্যায়ন,0
293,আপ্রাণ,0
294,আফগানিস্তান,0
295,আফসোস,0
296,আফ্রিকা,0
297,আবছা,0
298,আবদার,0
299,আবরণ,0
300,আবর্জনা,0
301,আবহাওয়া,0
302,আবার,0
303,আবাসিক,0
304,আবৃত্তি,0
305,আবে জমজম,0
306,আবেদন,0
307,আবোলতাবল,0
308,আম,0
309,আমদানী,0
310,আমন্ত্রণ,0
311,আমরা,0
312,আমলকি,0
313,আমাদের,0
314,আমাদেরকে,0
315,আমানত,0
316,আমার,0
317,আমাশয়,0
318,আমি,0
319,আমেরিকা/ইউএসএ,0
320,আম্রকানন,0
321,আমড়া,0
322,আয়,0
323,আয়কর/ইনকাম ট্যাক্স,0
324,আয়তক্ষেত্র,0
325,আয়তন,0
326,আয়না,0
327,আয়ু,0
328,আয়ুর্বেদিক,0
329,আয়োজক,0
330,আয়োজন,0
331,আয়োডিন,0
332,আযান,0
333,আরতি দেয়া,0
334,আরবী,0
335,আরাম,0
336,আরো,0
337,আর্জেন্টিনা,0
338,আর্তনাদ,0
339,আর্থসামাজিক অবস্থা,0
340,আর্মড পুলিশ,0
341,আর্সেনিক,0
342,আল জিহ্বা,0
343,আলকাতরা,0
344,আলখাল্লা,0
345,আলতা,0
346,আলনা,0
347,আলপনা,0
348,আলপিন,0
349,আলমিরা,0
350,আলসে,0
351,আলাদা,0
352,আলিঙ্গন,0
353,আলু,0
354,আলো,0
355,আলোকসজ্জা,0
356,আলোচনা,0
357,আল্লাহ,0
358,আশপাশ,0
359,আশাহত,0
360,আশেপাশে,0
361,আশ্বিন,0
362,আশ্রয়,0
363,আশ্রয়কেন্দ্র,0
364,আষাঢ়,0
365,আসক্তি,0
366,আসন/সীট,0
367,আসর (নামাজ),0
368,আসল,0
369,আসসালামুয়ালাইকুম,0
370,আসামী,0
371,আসুন,0
372,আসো,0
373,আস্কারা,0
374,আস্তাবল,0
375,আস্তিক,0
376,আস্থা,0
377,আহত,0
378,আহা,0
379,আড়চোখ,0
380,আড়মোড়া,0
381,আড়ি,0
382,ই,0
383,ইঁদুর,0
384,ইংরেজী,0
385,ইংল্যান্ড,0
386,ইউ এস ডলার,0
387,ইউনিফর্ম,0
388,ইউনিয়ন পরিষদ,0
389,ইউপিএস,0
390,ইউরোপ,0
391,ইঙ্গিত,0
392,ইচ্ছা করা,0
393,ইজি চেয়ার,0
394,ইজেল,0
395,ইঞ্চি,0
396,ইঞ্জিন,0
397,ইট,0
398,ইটের ভাটা,0
399,ইতালি,0
400,ইতিহাস,0
401,ইত্যাদি,0
402,ইনক্রিমিন্ট,0
403,ইনজেকশন,0
404,ইনহেলার,0
405,ইন্টারনেট,0
406,ইন্দোনেশিয়া,0
407,ইফতার,0
408,ইমাম,0
409,ইমিটেশন,0
410,ইমেইল,0
411,ইয়োইয়ো,0
412,ইরাক,0
413,ইরান,0
414,ইলিশ মাছ,0
415,ইলেকট্রিশিয়ান,0
416,ইশারা ভাষা,0
417,ইসরাঈল,0
418,ইসলাম ধর্ম,0
419,ইসাবগুল,0
420,ইস্টার সানডে,0
421,ইস্ত্রি,0
422,ইস্যু/বিষয়,0
423,ঈগল,0
424,ঈদ,0
425,ঈদ-উল-আযহা,0
426,ঈদ-উল-ফিতর,0
427,ঈদগাহ,0
428,ঈমান,0
429,ঈশ্বর,0
430,উ,0
431,উঁকি দেয়া,0
432,উঁচু,0
433,উঁচু নিচু,0
434,উইকেট রক্ষক,0
435,উকিল,0
436,উকুন,0
437,উগ্র,0
438,উচিত,0
439,উচ্চ মাধ্যমিক,0
440,উচ্চতা,0
441,উচ্চাভিলাষ,0
442,উচ্চারণ,0
443,উচ্ছেদ,0
444,উজান,0
445,উজালা,0
446,উজ্জল,0
447,উট,0
448,উটপাখি,0
449,উঠান,0
450,উঠানো,0
451,উত্তর (দিক),0
452,উত্তর মেরু,0
453,উত্তর/জবাব,0
454,উত্তর/নর্থ,0
455,উত্তরাধিকার,0
456,উত্তেজনা,0
457,উত্তোলন,0
458,উত্থান পতন,0
459,উদাসীন,0
460,উদ্দীপনা,0
461,উদ্ধার,0
462,উদ্ভিদ বিজ্ঞান,0
463,উধাও,0
464,উনিশ,0
465,উন্নতি,0
466,উন্মাদ,0
467,উপকরণ,0
468,উপকার,0
469,উপকূল,0
470,উপগ্রহ,0
471,উপজেলা,0
472,উপদেশ দেওয়া,0
473,উপন্যাস,0
474,উপভোগ,0
475,উপযুক্ত,0
476,উপরে,0
477,উপরে উঠা,0
478,উপস্থাপক,0
479,উপস্থিত,0
480,উপহার,0
481,উপাচার্য,0
482,উপাধি,0
483,উপানুষ্ঠানিক শিক্ষা,0
484,উপায়,0
485,উপার্জন,0
486,উপুর,0
487,উপোস,0
488,উভয়,0
489,উর্দু,0
490,উর্ধ্বতন,0
491,উলকি,0
492,উলঙ্গ,0
493,উল্কা,0
494,উল্টা,0
495,উসখুস,0
496,উৎপন্ন/কৃষি উৎপাদন,0
497,উৎপাটন,0
498,উৎস,0
499,উৎসব,0
500,উৎসাহ,0
501,ঋণ,0
502,ঋতু,0
503,এ,0
504,এ লেভেল,0
505,এইডস,0
506,এইডস দিবস,0
507,এইদিকে,0
508,এক,0
509,এক কথা,0
510,এক কোটি,0
511,এক বার,0
512,এক লাখ,0
513,এক হাজার,0
514,এক-পঞ্চমাংশ,0
515,একই রকম,0
516,একচালা,0
517,একটানা,0
518,একতারা,0
519,একত্রে,0
520,একবার,0
521,একমত,0
522,একশ,0
523,একা,0
524,একাকী,0
525,একাধিক,0
526,এক্সরে,0
527,এখন,0
528,এখানে,0
529,এগার,0
530,এগিয়ে যাওয়া,0
531,এটিএম কার্ড,0
532,এটিএম বুথ,0
533,এটেল মাটি,0
534,এডভোকেসি,0
535,এড়ানো/পাশ কাটানো,0
536,এড়িয়ে যাওয়া,0
537,এতিম,0
538,এতিমখানা,0
539,এনজিও,0
540,এপার,0
541,এপ্রিল,0
542,এপ্রোন,0
543,এবং,0
544,এবড়ো ধেবড়ো,0
545,এভারেস্ট,0
546,এমনি,0
547,এয়ার হোস্ট্রস,0
548,এরোসল,0
549,এলাচি,0
550,এলোপাতাড়ি,0
551,এলোপ্যাথি,0
552,এলোমেলো,0
553,এশা (নামাজ),0
554,এশিয়া,0
555,এশীয় উন্নয়ন ব্যাংক,0
556,এসি/এয়ার কুলার,0
557,এ্যাকুরিয়াম,0
558,এ্যালবাম,0
559,এ্যালুমিনিয়াম,0
560,এ্যাসট্রে,0
561,ঐক্যবদ্ধ,0
562,ঐদিকে,0
563,ও,0
564,ও লেভেল,0
565,ওএইচপি,0
566,ওখানে,0
567,ওজন,0
568,ওজু,0
569,ওঝা,0
570,ওড়না,0
571,ওপার,0
572,ওভার,0
573,ওভারব্রীজ,0
574,ওয়াজ,0
575,ওয়াদা,0
576,ওয়ার কাটার,0
577,ওয়ারড্রোব,0
578,ওয়ারেন্ট,0
579,ওয়াশিং মেশিন,0
580,ওয়াশিংটন ডিসি,0
581,ওয়েবসাইট,0
582,ওয়েস্ট কোট,0
583,ঔষধ,0
584,ক,0
585,কক্সবাজার,0
586,কখন,0
587,কঙ্কাল,0
588,কচলানো,0
589,কচি,0
590,কচু,0
591,কচুর মুখী,0
592,কচুর মোড়া,0
593,কচুরলতি,0
594,কচুরীপানা,0
595,কচুশাক,0
596,কচ্ছপ,0
597,কটাক্ষ করা,0
598,কঠিন,0
599,কড়াই,0
600,কতটুকু,0
601,কথক নাচ,0
602,কথা কাটাকাটি,0
603,কথা বলা,0
604,কথাবার্তা,0
605,কদবেল,0
606,কদম ফুল,0
607,কদমা,0
608,কদর,0
609,কদর্য/বিশ্রী,0
610,কনডম,0
611,কনসার্ট,0
612,কনুই,0
613,কন্টাক্ট লেন্স,0
614,কন্ঠ,0
615,কন্ঠনালী,0
616,কন্ডাক্টর,0
617,কন্যা,0
618,কন্যা শিশু দিবস,0
619,কপাল,0
620,কপিকল,0
621,কফ,0
622,কফি,0
623,কফিন,0
624,কবর,0
625,কবি,0
626,কবি নজরুল,0
627,কবিতা,0
628,কবিরাজ,0
629,কবুতর,0
630,কবুল,0
631,কবে/কোনদিন,0
632,কব্জা,0
633,কব্জি,0
634,কমলা,0
635,কমলা (রং),0
636,কমা,0
637,কমান্ডার,0
638,কমিউনিটি সেন্টার,0
639,কমিশনার/জেলা প্রশাসক,0
640,কমোড,0
641,কম্পাস,0
642,কম্পিউটার,0
643,কম্পিউটার মাউস,0
644,কম্পিউটার মেলা,0
645,কম্প্রেসার,0
646,কম্বল,0
647,কয়টা বাজে,0
648,কয়টি,0
649,কয়লা,0
650,কয়েকটি,0
651,কয়েদী,0
652,কয়েল,0
653,করতে পারবে,0
654,করমচা,0
655,করমর্দন,0
656,করলা,0
657,করা,0
658,করাত,0
659,করায়ত্ত্ব,0
660,কর্কশ,0
661,কর্ণেল,0
662,কর্তব্য,0
663,কর্মকর্তা,0
664,কর্মঠ,0
665,কর্মশক্তি,0
666,কর্মশালা/সেমিনার,0
667,কর্মসূচী,0
668,কলকাতা,0
669,কলপ,0
670,কলম,0
671,কলম করা,0
672,কলমদানী,0
673,কলমীশাক,0
674,কলস,0
675,কলা,0
676,কলার কাঁদি,0
677,কলার ধরা,0
678,কলার মোচা/থোর,0
679,কলিং বেল,0
680,কলেরা/ডায়রিয়া,0
681,কলোনী,0
682,কল্পনা করা,0
683,কষ্ট,0
684,কষ্টিপাথর,0
685,কসম,0
686,কসমেটিক,0
687,কসাই,0
688,কাঁকড়া,0
689,কাঁখে,0
690,কাঁচকলা দেখানো,0
691,কাঁচা,0
692,কাঁচা রাস্তা,0
693,কাঁচি,0
694,কাঁচের চুঁড়ি,0
695,কাঁটা,0
696,কাঁটা চামচ,0
697,কাঁঠাল,0
698,কাঁথা,0
699,কাঁধ,0
700,কাঁপাকাঁপি,0
701,কাউণ্টার,0
702,কাক,0
703,কাকাতুয়া,0
704,কাকিলা মাছ,0
705,কাগজ,0
706,কাঙ্গালী ভোজ,0
707,কাছাকাছি,0
708,কাছি দেয়া,0
709,কাছে,0
710,কাজ,0
711,কাজল,0
712,কাজলদানি,0
713,কাজি অফিস,0
714,কাজুবাদাম,0
715,কাটআউট,0
716,কাটা,0
717,কাটা কম্পাস,0
718,কাটা ঠোঁট,0
719,কাটা তালু,0
720,কাটা দাগ,0
721,কাঠগড়া,0
722,কাঠঠোকরা,0
723,কাঠবাদাম,0
724,কাঠবিড়ালী,0
725,কাঠা,0
726,কাঠি,0
727,কাঠুরিয়া,0
728,কাতরানো,0
729,কাতল মাছ,0
730,কাতার,0
731,কাদামাটি,0
732,কাদের/কাহাদের,0
733,কান পাকা,0
734,কান মলা,0
735,কানাকানি,0
736,কানাডা,0
737,কানামাছি,0
738,কানের দুল,0
739,কানের পর্দা,0
740,কান্না,0
741,কাপ,0
742,কাপড়ের নীল,0
743,কাপুরুষ,0
744,কাফন,0
745,কাবাব,0
746,কাবিন,0
747,কাবিননামা,0
748,কামড়,0
749,কামরাঙা,0
750,কামান,0
751,কামানো/সেভ করা,0
752,কামার,0
753,কামিজ,0
754,কারখানা,0
755,কারণ,0
756,কারফিউ,0
757,কারিগরী শিক্ষা,0
758,কারুশিল্প,0
759,কার্গো,0
760,কার্ণিশ,0
761,কার্তিক,0
762,কার্পেটিং,0
763,কার্বন ডাই অক্সাইড,0
764,কালভার্ট,0
765,কালি,0
766,কালিজিরা,0
767,কালিবাউস মাছ,0
768,কালী পূজা,0
769,কালো,0
770,কালো রং,0
771,কালোজাম,0
772,কাশফুল,0
773,কাশি,0
774,কাস্তে,0
775,কাহিনী,0
776,কাড়াকাড়ি,0
777,কিছু,0
778,কিছুক্ষণ,0
779,কিছুটা,0
780,কিডনী,0
781,কিন্ডারগার্টেন,0
782,কিন্তু,0
783,কিল,0
784,কিলোগ্রাম,0
785,কিলোমিটার,0
786,কিশোর,0
787,কিশোরগঞ্জ,0
788,কিশোরী,0
789,কিসমিশ,0
790,কিস্তি,0
791,কী,0
792,কী ব্যাপার,0
793,কী-বোর্ড,0
794,কীটনাশক,0
795,কীভাবে,0
796,কীর্তন,0
797,কুঁচকানো,0
798,কুঁজো,0
799,কুঁড়েঘর,0
800,কুকথা,0
801,কুকুর,0
802,কুখ্যাত,0
803,কুচকাওয়াজ,0
804,কুচিকুচি,0
805,কুটনামি করা,0
806,কুঠার,0
807,কুড়ানো,0
808,কুড়িগ্রাম,0
809,কুতকুত খেলা,0
810,কুনি,0
811,কুপরামর্শ,0
812,কুপি/চেরাগ,0
813,কুফল,0
814,কুমড়া,0
815,কুমতলব,0
816,কুমার,0
817,কুমির,0
818,কুমিল্লা,0
819,কুয়া,0
820,কুয়াশা,0
821,কুয়েত,0
822,কুরআন,0
823,কুরবানী,0
824,কুল বরই,0
825,কুলখানি,0
826,কুলা,0
827,কুলি,0
828,কুলি করা,0
829,কুলি পিঠা,0
830,কুলিমুটে,0
831,কুশল বিনিময়,0
832,কুষ্টিয়া,0
833,কুষ্ঠরোগ,0
834,কুসংস্কার,0
835,কুস্তি,0
836,কুৎসিত,0
837,কুড়া,0
838,কৃতকার্য/পাশ,0
839,কৃত্রিম,0
840,কৃমি,0
841,কৃশ,0
842,কৃষক,0
843,কৃষাণ,0
844,কৃষি,0
845,কৃষি বিজ্ঞান,0
846,কৃষি ব্যাংক,0
847,কে,0
848,কেঁচো,0
849,কেউ,0
850,কেক,0
851,কেটলি,0
852,কেন,0
853,কেনা,0
854,কেন্দ্রবিন্দু,0
855,কেমন,0
856,কেমন আছো,0
857,কেরোসিন তেল,0
858,কেলা,0
859,কেশর,0
860,কৈ মাছ,0
861,কোঁকড়া চুল,0
862,কোকিল,0
863,কোচ,0
864,কোচওয়ান,0
865,কোট,0
866,কোট (খেলার),0
867,কোথায়,0
868,কোদাল,0
869,কোনটা,0
870,কোপ্তা,0
871,কোম্পানি,0
872,কোরবানী ঈদ,0
873,কোরমা,0
874,কোরিয়া,0
875,কোর্ট,0
876,কোলবালিশ,0
877,কোলাকুলি,0
878,কোলাহল/গোলমাল,0
879,কোলে নেয়া,0
880,কোষ্ঠকাঠিন্য,0
881,কৌটা,0
882,কৌতুক,0
883,কৌতুহল,0
884,কৌশল,0
885,ক্যাঙ্গারু,0
886,ক্যাটালগ,0
887,ক্যাপ,0
888,ক্যাপসুল,0
889,ক্যাপ্টেন,0
890,ক্যাবল/তার,0
891,ক্যাবিনেট,0
892,ক্যাম্পাস,0
893,ক্যারাম,0
894,ক্যালকুলেটর,0
895,ক্যালেন্ডার,0
896,ক্যাসেট প্লেয়ার,0
897,ক্রম,0
898,ক্রমেক্রমে,0
899,ক্রসফায়ার,0
900,ক্রিকেট খেলা,0
901,ক্রিম,0
902,ক্রিমরোল,0
903,ক্রীতদাস,0
904,ক্রুশ,0
905,ক্রেতা,0
906,ক্রেস্ট,0
907,ক্লান্ত,0
908,ক্লাব,0
909,ক্লিনিক,0
910,ক্লিপ,0
911,ক্ষণস্থায়ী,0
912,ক্ষত,0
913,ক্ষতি,0
914,ক্ষতিকর,0
915,ক্ষমতা,0
916,ক্ষমা চাওয়া,0
917,ক্ষয়,0
918,ক্ষীর/ক্ষীরসা,0
919,ক্ষুদ্র ঋণ,0
920,ক্ষুর,0
921,ক্ষেত,0
922,ক্ষোভ,0
923,কড়া,0
924,খ,0
925,খঞ্জনী,0
926,খড়ের গাদা,0
927,খনন করা,0
928,খনি,0
929,খন্ড,0
930,খবর,0
931,খয়ের,0
932,খরগোশ,0
933,খরম,0
934,খলিশা মাছ,0
935,খসখসে,0
936,খসড়া,0
937,খাঁচা,0
938,খাঁটি,0
939,খাওয়া,0
940,খাগড়াছড়ি,0
941,খাজনা,0
942,খাটো,0
943,খাতা,0
944,খাদক,0
945,খাপ খাওয়ানো,0
946,খাবার,0
947,খাবার স্যালাইন,0
948,খাম,0
949,খামচি,0
950,খারাপ,0
951,খারিজ,0
952,খাল,0
953,খালা,0
954,খালি,0
955,খালু,0
956,খাসকামরা,0
957,খিচুরি,0
958,খিরা,0
959,খুঁজে পাওয়া,0
960,খুন,0
961,খুন্তি,0
962,খুলনা,0
963,খুলনা বিভাগ,0
964,খুশকি,0
965,খুশী,0
966,খেঁজুর,0
967,খেজুর কাঁটা,0
968,খেজুর গুড়,0
969,খেয়াঘাট,0
970,খেয়াল,0
971,খেলনা,0
972,খেলা করা,0
973,খেলার মাঠ,0
974,খেলোয়ার,0
975,খেসারী ডাল,0
976,খৈ,0
977,খোঁজ করা,0
978,খোঁজ খবর,0
979,খোদা হাফেজ,0
980,খোপ,0
981,খোপা,0
982,খোপার কাঁটা,0
983,খোয়ার,0
984,খোস পাচড়া,0
985,খ্যাতি,0
986,খ্যাপা,0
987,খ্রিস্টান ধর্ম,0
988,খৎনা,0
989,খড়,0
990,গ,0
991,গজ,0
992,গজল,0
993,গড়,0
994,গণঅভ্যুত্থান,0
995,গণভবন,0
996,গণিত,0
997,গণেশ,0
998,গত,0
999,গত বছর,0
1000,গতকাল,0
1001,গতি,0
1002,গদি,0
1003,গন্ডগোল/গোলমাল,0
1004,গন্ধ,0
1005,গবেষক,0
1006,গভীর,0
1007,গম,0
1008,গরম,0
1009,গরম লাগা (তাপমাত্রা),0
1010,গরিলা,0
1011,গরীব,0
1012,গরু,0
1013,গরুর খুটা,0
1014,গরুর গাড়ি,0
1015,গর্জন,0
1016,গর্ত,0
1017,গর্ব,0
1018,গর্ভপাত,0
1019,গর্ভাবস্থা,0
1020,গলগন্ড,0
1021,গলদা চিংড়ি,0
1022,গলা,0
1023,গলা ধাক্কা,0
1024,গলানো,0
1025,গলার হার,0
1026,গল্প,0
1027,গাঁজা,0
1028,গাঁথা,0
1029,গাঁথুনি,0
1030,গাঁদা ফুল,0
1031,গাইবান্ধা,0
1032,গাঙ্গুলী,0
1033,গাছ,0
1034,গাছের গুড়ি,0
1035,গাজর,0
1036,গাজীপুর,0
1037,গাড়ি,0
1038,গাধা,0
1039,গান,0
1040,গান বাজনা,0
1041,গাভী,0
1042,গামছা/তোয়ালে,0
1043,গামলা,0
1044,গায়ক,0
1045,গায়িকা,0
1046,গায়ে হলুদ,0
1047,গার্লস গাইড,0
1048,গার্হস্থ্য বিজ্ঞান,0
1049,গাল,0
1050,গালসিয়া,0
1051,গালাগাল,0
1052,গালিচা/কার্পেট,0
1053,গাঢ় রং,0
1054,গিটার,0
1055,গিট্টু,0
1056,গিয়ার,0
1057,গিলে ফেলা,0
1058,গীতা,0
1059,গীতিকার,0
1060,গুচ্ছ,0
1061,গুজব,0
1062,গুজব ছড়ানো,0
1063,গুড়,0
1064,গুণ,0
1065,গুণিজন,0
1066,গুদাম,0
1067,গুন,0
1068,গুনটানা,0
1069,গুনা,0
1070,গুন্ডামি,0
1071,গুপ্ত,0
1072,গুপ্তচর,0
1073,গুরু,0
1074,গুরুত্ব,0
1075,গুলতি,0
1076,গুলি/কার্তুজ,0
1077,গুহা,0
1078,গুড়া,0
1079,গুড়া মাছ,0
1080,গৃহকর্তা,0
1081,গৃহিণী,0
1082,গেঞ্জি,0
1083,গেট,0
1084,গেরিলা,0
1085,গেস্টরুম,0
1086,গোঁফ,0
1087,গোড়ালি,0
1088,গোপন,0
1089,গোপনীয়,0
1090,গোপালগঞ্জ,0
1091,গোবর,0
1092,গোবর পোকা,0
1093,গোমড়া,0
1094,গোয়ালঘর,0
1095,গোয়ালা,0
1096,গোয়েন্দা,0
1097,গোরস্থান,0
1098,গোলচক্কর,0
1099,গোলপোস্ট,0
1100,গোলমরিচ,0
1101,গোলরক্ষক,0
1102,গোলা/গোলানো,0
1103,গোলাকৃতি,0
1104,গোলাপি (রং),0
1105,গোল্ডফিশ,0
1106,গোল্লাছুট,0
1107,গোশত/মাংস,0
1108,গোসল,0
1109,গোস্ত/মাংস,0
1110,গৌতম বুদ্ধ,0
1111,গ্যারেজ,0
1112,গ্যালারী,0
1113,গ্যাস,0
1114,গ্যাসের মিটার,0
1115,গ্রহণ,0
1116,গ্রহণ করা,0
1117,গ্রহীতা,0
1118,গ্রাম,0
1119,গ্রাম (ওজনের একক),0
1120,গ্রাম সরকার,0
1121,গ্রামীণ ব্যাংক,0
1122,গ্রাস করা,0
1123,গ্রিল,0
1124,গ্রীন হাউজ,0
1125,গ্রীল,0
1126,গ্রীষ্মকাল,0
1127,গ্রীস,0
1128,গ্রেনেড,0
1129,গ্রেফতার,0
1130,গ্লাস,0
1131,গড়,0
1132,ঘ,0
1133,ঘটক,0
1134,ঘটকালি,0
1135,ঘটনা,0
1136,ঘড়ি,0
1137,ঘনবসতি,0
1138,ঘনিষ্ঠ,0
1139,ঘন্টা,0
1140,ঘর/কক্ষ,0
1141,ঘরের খুঁটি,0
1142,ঘষা,0
1143,ঘষামাজা,0
1144,ঘাগড়া,0
1145,ঘাট,0
1146,ঘাড়,0
1147,ঘাড় মটকানো,0
1148,ঘাড়ধাক্কা,0
1149,ঘাতক,0
1150,ঘাবড়ানো,0
1151,ঘাম,0
1152,ঘামাচি,0
1153,ঘাস,0
1154,ঘাসফুল,0
1155,ঘি,0
1156,ঘুঘু,0
1157,ঘুড়ি,0
1158,ঘুম,0
1159,ঘুম থেকে জাগা,0
1160,ঘুমানো,0
1161,ঘুষ,0
1162,ঘূর্ণিঝড়,0
1163,ঘৃণা করা,0
1164,ঘের,0
1165,ঘেরাও,0
1166,ঘেষাঘেষি,0
1167,ঘৈটা,0
1168,ঘোড়া,0
1169,ঘোড়ার গাড়ি,0
1170,ঘোমটা,0
1171,ঘোষণা,0
1172,চ,0
1173,চওড়া,0
1174,চক,0
1175,চকলেট,0
1176,চক্কর,0
1177,চঞ্চল,0
1178,চটপটি,0
1179,চট্টগ্রাম,0
1180,চট্টগ্রাম বিভাগ,0
1181,চড়ুই,0
1182,চতুর্ভুজ,0
1183,চন্দন,0
1184,চন্দ্রগ্রহণ,0
1185,চন্দ্রিমা উদ্যান,0
1186,চমকানো,0
1187,চমচম,0
1188,চমৎকার,0
1189,চর,0
1190,চরকা,0
1191,চরিত্র,0
1192,চর্বি,0
1193,চলন্ত,0
1194,চলন্ত সিঁড়ি,0
1195,চলাচল,0
1196,চলাফেরা,0
1197,চশমা,0
1198,চা,0
1199,চা চক্র,0
1200,চা পাতা,0
1201,চা বাগান,0
1202,চাঁদ,0
1203,চাঁদপুর,0
1204,চাঁদা,0
1205,চাঁদাবাজ,0
1206,চাঁদাবাজি,0
1207,চাঁপাইনবাবগঞ্জ,0
1208,চাইনিজ,0
1209,চাওয়া,0
1210,চাকমা,0
1211,চাকর,0
1212,চাকা,0
1213,চাকু,0
1214,চাকুরী,0
1215,চাকুরীজীবী,0
1216,চাচা,0
1217,চাচী,0
1218,চাটনি,0
1219,চাটাই,0
1220,চানাচুর,0
1221,চান্দা মাছ,0
1222,চাপ,0
1223,চাপ দেওয়া,0
1224,চাপটি পিঠা,0
1225,চাপাচাপি,0
1226,চাবি,0
1227,চাবুক,0
1228,চামচ,0
1229,চামচিকা,0
1230,চামড়া,0
1231,চামড়া শিল্প মেলা,0
1232,চার,0
1233,চারপাশ,0
1234,চার্চ/গির্জা,0
1235,চার্জার,0
1236,চার্জার ফ্যান,0
1237,চার্জার লাইট,0
1238,চাল,0
1239,চালক (ড্রাইভার),0
1240,চালকুমড়া,0
1241,চালতা,0
1242,চালনী,0
1243,চালাক,0
1244,চালু করা,0
1245,চাষাবাদ,0
1246,চিংড়ি,0
1247,চিকন,0
1248,চিকা,0
1249,চিকিৎসা,0
1250,চিকেন ফ্রাই,0
1251,চিচিঙ্গা,0
1252,চিঠি,0
1253,চিঠির বাক্স,0
1254,চিড়া,0
1255,চিড়িয়াখানা,0
1256,চিতই পিঠা,0
1257,চিতল মাছ,0
1258,চিতাবাঘ,0
1259,চিনি,0
1260,চিন্তা,0
1261,চিপস,0
1262,চিবানো,0
1263,চিবুক,0
1264,চিমনী,0
1265,চিরকাল,0
1266,চিরকুট,0
1267,চিরস্থায়ী,0
1268,চিরুনী,0
1269,চিল,0
1270,চিৎ কাত,0
1271,চিৎকার করা,0
1272,চীন,0
1273,চুইংগাম,0
1274,চুক্তি,0
1275,চুন,0
1276,চুনাপাথর,0
1277,চুপ,0
1278,চুমকি,0
1279,চুমু,0
1280,চুমুক,0
1281,চুম্বক,0
1282,চুয়াডাঙ্গা,0
1283,চুরমার,0
1284,চুল,0
1285,চুল ঝরা,0
1286,চুলকানি,0
1287,চুলা,0
1288,চুলের জটা,0
1289,চুলের ব্যান্ড,0
1290,চুষা,0
1291,চুড়া,0
1292,চুড়ি,0
1293,চূড়ান্ত,0
1294,চেইন/জিপার,0
1295,চেক,0
1296,চেনা,0
1297,চেয়ার,0
1298,চেয়ারম্যান,0
1299,চেষ্টা,0
1300,চেহলাম,0
1301,চেহারা,0
1302,চৈত্র,0
1303,চোখ উঠা,0
1304,চোখ রাঙানো,0
1305,চোখা,0
1306,চোখের ছানি,0
1307,চোখের মনি,0
1308,চোয়াল,0
1309,চোর,0
1310,চোরাবালি,0
1311,চৌকস,0
1312,চৌদ্দ,0
1313,চৌবাচ্চা,0
1314,চৌরাস্তা,0
1315,চ্যানেল,0
1316,চ্যাপ্টা,0
1317,চ্যালেঞ্জ,0
1318,চড়/থাপ্পর,0
1319,ছ,0
1320,ছক্কা,0
1321,ছড়ানো,0
1322,ছদ্মবেশ,0
1323,ছবি,0
1324,ছবি ওয়াস,0
1325,ছবি তোলা,0
1326,ছবির নেগেটিভ,0
1327,ছবির ফিল্ম,0
1328,ছাঁকা,0
1329,ছাঁটা,0
1330,ছাঁটাই,0
1331,ছাই,0
1332,ছাই রং,0
1333,ছাউনি,0
1334,ছাকনি,0
1335,ছাগল,0
1336,ছাড়পত্র,0
1337,ছাড়াছাড়ি,0
1338,ছাতা,0
1339,ছাত্রনেতা,0
1340,ছাত্রাবাস,0
1341,ছাদ,0
1342,ছাপ,0
1343,ছাপা,0
1344,ছাপানো,0
1345,ছায়া,0
1346,ছারপোকা,0
1347,ছি,0
1348,ছি ছি,0
1349,ছিকা,0
1350,ছিটকিনি,0
1351,ছিটকে পড়া,0
1352,ছিটা রুটি,0
1353,ছিটানো,0
1354,ছিদ্র,0
1355,ছিনতাইকারী,0
1356,ছিনিয়ে নেয়া,0
1357,ছিপ,0
1358,ছিমছাম,0
1359,ছিলা,0
1360,ছুটাছুটি,0
1361,ছুটি,0
1362,ছেঁচা,0
1363,ছেঁড়া,0
1364,ছেনি,0
1365,ছেলে,0
1366,ছেলেবেলা,0
1367,ছোঁড়া,0
1368,ছোঁয়া,0
1369,ছোট,0
1370,ছোট গল্প,0
1371,ছোলা,0
1372,ছড়ি,0
1373,ছয়,0
1374,জ,0
1375,জগ,0
1376,জঙ্গিবিমান,0
1377,জজকোর্ট,0
1378,জট,0
1379,জটলা,0
1380,জটিল,0
1381,জঠর,0
1382,জড়,0
1383,জড়িত,0
1384,জনগণ,0
1385,জনতা,0
1386,জন্ডিস,0
1387,জন্ম,0
1388,জন্ম নিবন্ধন,0
1389,জন্মদিন,0
1390,জন্য,0
1391,জবানবন্দি,0
1392,জমজ,0
1393,জমা করা,0
1394,জমাট বাঁধা,0
1395,জমি,0
1396,জমির আইল,0
1397,জয়ফল,0
1398,জরিপ,0
1399,জরিমানা,0
1400,জর্দা,0
1401,জলকর,0
1402,জলকান্দা,0
1403,জলচৌকি,0
1404,জলদস্যু,0
1405,জলপাই,0
1406,জলবিদ্যুৎ,0
1407,জলমাথা,0
1408,জলস্রোত,0
1409,জলহস্তী,0
1410,জলাতঙ্ক,0
1411,জলাশয়,0
1412,জলোচ্ছ্বাস,0
1413,জল্লাদ,0
1414,জহুরী,0
1415,জাউ ভাত,0
1416,জাঙ্গিয়া,0
1417,জাজিম,0
1418,জাতিসংঘ,0
1419,জাতিসংঘ দিবস,0
1420,জাতীয়,0
1421,জাতীয় সংহতি দিবস,0
1422,জাতীয় সঙ্গীত,0
1423,জাতীয় স্মৃতিসৌধ,0
1424,জানা,0
1425,জানালা,0
1426,জানুয়ারি,0
1427,জাপটে ধরা,0
1428,জাপান,0
1429,জাবর কাটা,0
1430,জামরুল,0
1431,জামাই,0
1432,জামাত,0
1433,জামার হুক,0
1434,জামালপুর,0
1435,জামিন,0
1436,জামিনদার,0
1437,জামিনপত্র,0
1438,জাম্বুরা,0
1439,জায়নামাজ,0
1440,জারজ,0
1441,জার্মানি,0
1442,জার্সি,0
1443,জাল করা,0
1444,জালিয়াত,0
1445,জাহাজ,0
1446,জিএনপি,0
1447,জিকির করা,0
1448,জিজ্ঞাসা করা,0
1449,জিডিপি,0
1450,জিতে যাওয়া,0
1451,জিন,0
1452,জিন্স,0
1453,জিম্বাবুয়ে,0
1454,জিরা,0
1455,জিরাফ,0
1456,জিলাপি,0
1457,জিহাদ,0
1458,জিহ্বা,0
1459,জীবন,0
1460,জীবন্ত,0
1461,জীবাণু,0
1462,জীবিকা,0
1463,জীর্ণ,0
1464,জুতা,0
1465,জুতার তাক,0
1466,জুন,0
1467,জুম চাষ,0
1468,জুম্মা নামাজ,0
1469,জুয়া,0
1470,জুলাই,0
1471,জেদ,0
1472,জেনারেটর,0
1473,জেব্রা,0
1474,জেমস ক্লিপ,0
1475,জেরা করা,0
1476,জেলখানা,0
1477,জেলা,0
1478,জেলে,0
1479,জৈষ্ঠ্য,0
1480,জোঁক,0
1481,জোগাড়,0
1482,জোড়া,0
1483,জোনাকি পোকা,0
1484,জোয়ার,0
1485,জোয়াল,0
1486,জোর/শক্তি,0
1487,জোরে ঝাঁকানো,0
1488,জোড় সংখ্যা,0
1489,জ্ঞান/মেধা,0
1490,জ্ঞানী,0
1491,জ্বর,0
1492,জ্বলন্ত,0
1493,জ্বা,0
1494,জ্বালা,0
1495,জ্বালাতন,0
1496,জ্যাকেট,0
1497,জ্যৈষ্ঠ,0
1498,জ্যোতিষী,0
1499,জ্যোৎস্না,0
1500,জয়পুরহাট,0
1501,ঝ,0
1502,ঝকমকে,0
1503,ঝগড়া করা,0
1504,ঝড়,0
1505,ঝরে পড়া,0
1506,ঝর্ণা,0
1507,ঝলসানো,0
1508,ঝাঁক,0
1509,ঝাঁকুনি,0
1510,ঝাঁজ,0
1511,ঝাঁপিয়ে পড়া,0
1512,ঝাউ গাছ,0
1513,ঝাকানো,0
1514,ঝাড়ফুঁক,0
1515,ঝাড়বাতি,0
1516,ঝাড়ু,0
1517,ঝাড়ুদার,0
1518,ঝাপ,0
1519,ঝামেলা,0
1520,ঝাল,0
1521,ঝালকাঠি,0
1522,ঝিঁঝিঁ পোকা,0
1523,ঝিঙ্গা,0
1524,ঝিনাইদহ,0
1525,ঝিনুক,0
1526,ঝিলমিল পিঠা,0
1527,ঝিলিক,0
1528,ঝুঁড়ি,0
1529,ঝুটি,0
1530,ঝুনঝুনি,0
1531,ঝুল ঝাড়ুনি,0
1532,ঝুলনি,0
1533,ঝুলানো,0
1534,ঝোপ,0
1535,ঝোল,0
1536,ট,0
1537,টক,0
1538,টনসিল,0
1539,টপ,0
1540,টপকানো,0
1541,টব,0
1542,টমেটো,0
1543,টয়লেট ক্লিনার,0
1544,টয়লেট টিস্যু,0
1545,টর্চলাইট,0
1546,টস করা,0
1547,টহল,0
1548,টা টা,0
1549,টাই,0
1550,টাই পিন,0
1551,টাইট,0
1552,টাইপিং,0
1553,টাইফয়েড,0
1554,টাকশাল,0
1555,টাকা,0
1556,টাকি মাছ,0
1557,টাঙ্গাইল,0
1558,টাচ স্ক্রিন,0
1559,টানা/টেনে আনা,0
1560,টানাটানি,0
1561,টানাপোড়ন,0
1562,টি-শার্ট,0
1563,টিউব লাইট,0
1564,টিউমার,0
1565,টিউশনি,0
1566,টিকচিহ্ন,0
1567,টিকটিকি,0
1568,টিকলি,0
1569,টিকেট,0
1570,টিটকারী,0
1571,টিন,0
1572,টিনের ঘর,0
1573,টিপ,0
1574,টিপ বোতাম,0
1575,টিপসই,0
1576,টিফিন,0
1577,টিফিন ক্যারিয়ার,0
1578,টিভি,0
1579,টিয়া,0
1580,টুকটাক,0
1581,টুথপিক,0
1582,টুথপেষ্ট,0
1583,টুথব্রাশ,0
1584,টুনটুনি,0
1585,টুল,0
1586,টেংরা মাছ,0
1587,টেকসই,0
1588,টেকো,0
1589,টেক্সি,0
1590,টেন্ডার,0
1591,টেবিল,0
1592,টেবিল ল্যাম্প,0
1593,টেম্পু,0
1594,টেলিফোন,0
1595,টোল,0
1596,টোস্টার,0
1597,ট্যাংক,0
1598,ট্যাংকি,0
1599,ট্যাটা/চল,0
1600,ট্যাবলেট,0
1601,ট্যারা চোখ,0
1602,ট্যালকম পাউডার,0
1603,ট্রলি,0
1604,ট্রাক,0
1605,ট্রাক্টর,0
1606,ট্রাফিক পুলিশ,0
1607,ট্রাফিক সিগন্যাল,0
1608,ট্রাফিকজ্যাম,0
1609,ট্রাম,0
1610,ট্রাস্ট,0
1611,ট্রে,0
1612,ঠ,0
1613,ঠকঠক কাঁপা,0
1614,ঠাঁই,0
1615,ঠাকুরগাঁও,0
1616,ঠাট্টা,0
1617,ঠাণ্ডা,0
1618,ঠান্ডা,0
1619,ঠান্ডা মেজাজ,0
1620,ঠাসা,0
1621,ঠিকাদার,0
1622,ঠিকানা,0
1623,ঠেলাগাড়ী,0
1624,ঠেলাজাল,0
1625,ঠোঁট,0
1626,ঠোঁটকাটা/স্পষ্টভাষী,0
1627,ঠোঙ্গা,0
1628,ড,0
1629,ডবল,0
1630,ডলফিন,0
1631,ডাঁটাশাক,0
1632,ডাইনিং/খাবার টেবিল,0
1633,ডাক টিকেট,0
1634,ডাকঘর,0
1635,ডাকনাম,0
1636,ডাকপিয়ন,0
1637,ডাকমাসুল,0
1638,ডাকাত,0
1639,ডাক্তার,0
1640,ডাঙ্গুলি,0
1641,ডানে,0
1642,ডাব,0
1643,ডাবর,0
1644,ডায়লগ,0
1645,ডায়াগনস্টিক সেন্টার,0
1646,ডায়াবেটিক,0
1647,ডায়াল আপ,0
1648,ডায়েট করা,0
1649,ডাল,0
1650,ডাল ঘুটনি,0
1651,ডালডা,0
1652,ডালপালা,0
1653,ডালা,0
1654,ডালিম,0
1655,ডাস্টবিন,0
1656,ডাস্টার,0
1657,ডায়েরী,0
1658,ডিউডরান্ট,0
1659,ডিগবাজি,0
1660,ডিঙ্গি নৌকা,0
1661,ডিজাইনার,0
1662,ডিজেল,0
1663,ডিটারজেন্ট,0
1664,ডিপ ফ্রিজ,0
1665,ডিপ্লোমা,0
1666,ডিম,0
1667,ডিম লাইট,0
1668,ডিস এন্টেনা,0
1669,ডিসেম্বর,0
1670,ডুব দেয়া,0
1671,ডুবুরী,0
1672,ডুবে যাওয়া,0
1673,ডুবোজাহাজ,0
1674,ডেইরি ফার্ম,0
1675,ডেকোরেটর,0
1676,ডেঙ্গু,0
1677,ডেনমার্ক,0
1678,ডেসা,0
1679,ডোবা (জলাধার),0
1680,ড্রপ/ফোঁটা,0
1681,ড্রয়ার,0
1682,ড্রাম,0
1683,ড্রাম/পাত্র,0
1684,ড্রিল মেশিন,0
1685,ড্রেন,0
1686,ড্রেসার,0
1687,ড্রেসিং টেবিল,0
1688,ঢ,0
1689,ঢং,0
1690,ঢলাঢলি,0
1691,ঢাকনা,0
1692,ঢাকা,0
1693,ঢাকা বিভাগ,0
1694,ঢাকেশ্বরী মন্দির,0
1695,ঢাল,0
1696,ঢালা,0
1697,ঢালু,0
1698,ঢিলমারা,0
1699,ঢিলা,0
1700,ঢুলি,0
1701,ঢেঁকি,0
1702,ঢেঁকুর,0
1703,ঢেঁড়স,0
1704,ঢেউ,0
1705,ঢেকে রাখা,0
1706,ঢোল,0
1707,ত,0
1708,তওবা,0
1709,তক্তা,0
1710,তখন,0
1711,তছনছ,0
1712,ততক্ষণ,0
1713,তত্ত্বাবধায়ক,0
1714,তত্ত্বাবধায়ক সরকার,0
1715,তথ্য/খবর,0
1716,তদন্ত,0
1717,তদবির করা,0
1718,তদারক,0
1719,তন্দুর,0
1720,তফাৎ,0
1721,তবলা,0
1722,তবুও,0
1723,তরকারী,0
1724,তরঙ্গ,0
1725,তরমুজ,0
1726,তরল,0
1727,তরুণ,0
1728,তরুণী,0
1729,তর্ক,0
1730,তলদেশ,0
1731,তলোয়ার/তরবারি,0
1732,তসবিহ,0
1733,তহবিল,0
1734,তহশীলদার,0
1735,তাঁতী,0
1736,তাইওয়ান,0
1737,তাওই,0
1738,তাক,0
1739,তাকাও,0
1740,তাকে/উনাকে,0
1741,তাগা,0
1742,তাগাদা,0
1743,তাজমহল,0
1744,তাজ্জব,0
1745,তাড়াতাড়ি,0
1746,তাড়ানো,0
1747,তাতাল,0
1748,তাদের,0
1749,তাদেরকে/উনাদেরকে,0
1750,তাপ,0
1751,তাবলিগ,0
1752,তাবিজ,0
1753,তাবু,0
1754,তামা,0
1755,তামাক,0
1756,তামাক মুক্ত দিবস,0
1757,তার/উনার,0
1758,তার/ক্যাবল,0
1759,তারকাটা,0
1760,তারপর,0
1761,তারপিন তেল,0
1762,তারা,0
1763,তারা/তাহারা,0
1764,তারিখ,0
1765,তাল,0
1766,তালা,0
1767,তালাক,0
1768,তালি দেওয়া,0
1769,তালিকা,0
1770,তালের খোয়া,0
1771,তালের গুড়,0
1772,তালের শাঁস,0
1773,তাস খেলা,0
1774,তাড়ি,0
1775,তিন,0
1776,তিমি,0
1777,তিরস্কার করা,0
1778,তিল,0
1779,তিলক,0
1780,তীব্রবেগ,0
1781,তীর চিহ্ন,0
1782,তীর-ধনুক,0
1783,তুচ্ছ,0
1784,তুত পাতা,0
1785,তুরস্ক,0
1786,তুরাগ নদী,0
1787,তুলনা,0
1788,তুলসী গাছ,0
1789,তুলা,0
1790,তুলা ধুনার যন্ত্র,0
1791,তুলে নেওয়া,0
1792,তুষ,0
1793,তুষার,0
1794,তুড়ি,0
1795,তৃপ্তি,0
1796,তৃষ্ণা,0
1797,তেঁতুল,0
1798,তেজপাতা,0
1799,তেতো,0
1800,তেমন,0
1801,তের,0
1802,তেল,0
1803,তেলাপোকা,0
1804,তেলের পিঠা,0
1805,তেহারি,0
1806,তৈলাক্ত,0
1807,তোতলা,0
1808,তোমাকে/আপনাকে,0
1809,তোমাদেরকে/আপনাদেরকে,0
1810,তোমার/আপনার,0
1811,তোরণ,0
1812,তোষামোদ,0
1813,ত্যাগ করা,0
1814,ত্যাজ্যপুত্র/ত্যাজ্যকন্যা,0
1815,ত্রান,0
1816,ত্রিপিটক,0
1817,ত্রৈমাসিক,0
1818,তৎকালীন,0
1819,থ,0
1820,থমকানো,0
1821,থরথর কাঁপা,0
1822,থলে,0
1823,থাইল্যান্ড,0
1824,থাকা,0
1825,থানা,0
1826,থাবা,0
1827,থামানো,0
1828,থার্মোমিটার,0
1829,থােকা,0
1830,থিয়েটার,0
1831,থুতু ফেলা,0
1832,থেকে,0
1833,থেতলানো,0
1834,থৈ থৈ,0
1835,দ,0
1836,দংশন,0
1837,দই,0
1838,দইবড়া,0
1839,দক্ষ,0
1840,দক্ষতা,0
1841,দক্ষিণ,0
1842,দক্ষিণ (দিক),0
1843,দক্ষিণ মেরু,0
1844,দখল,0
1845,দড়ি/রশি,0
1846,দত্তক,0
1847,দন্ত চিকিৎসা বিজ্ঞান,0
1848,দফতরি,0
1849,দফা,0
1850,দমকল বাহিনী,0
1851,দমন,0
1852,দম্পতি,0
1853,দম্ভ,0
1854,দয়া করে,0
1855,দয়ালু,0
1856,দরকষা,0
1857,দরকার,0
1858,দরজা,0
1859,দরদ,0
1860,দরদর,0
1861,দরবার,0
1862,দর্জি,0
1863,দর্শক,0
1864,দল,0
1865,দলবদ্ধ/সংঘবদ্ধ,0
1866,দলিল,0
1867,দশ,0
1868,দশমিক,0
1869,দস্তানা/গ্লাভস,0
1870,দা,0
1871,দাঁড়াও,0
1872,দাঁড়ানো,0
1873,দাঁড়ি,0
1874,দাঁড়িপাল্লা,0
1875,দাঁত,0
1876,দাঁত মাজা,0
1877,দাঁড়কাক,0
1878,দাও,0
1879,দাওয়াত,0
1880,দাগ,0
1881,দাড়ি,0
1882,দাতা,0
1883,দাদা,0
1884,দাদী,0
1885,দানব,0
1886,দানশীল,0
1887,দাপট,0
1888,দাবা,0
1889,দাবানল,0
1890,দাবী,0
1891,দামী,0
1892,দায়িত্ব,0
1893,দায়িত্ববান,0
1894,দারুচিনি,0
1895,দারোগা,0
1896,দারোয়ান,0
1897,দালান,0
1898,দালাল,0
1899,দাহ করা,0
1900,দিকনির্দেশনা,0
1901,দিন (সময়),0
1902,দিনাজপুর,0
1903,দিয়াশলাই,0
1904,দিয়ে,0
1905,দিল্লী,0
1906,দীঘি,0
1907,দীর্ঘদিন,0
1908,দীর্ঘমেয়াদী,0
1909,দুঃখিত,0
1910,দুঃসাধ্য,0
1911,দুই,0
1912,দুই তৃতীয়াংশ,0
1913,দুই ধার,0
1914,দুইবার,0
1915,দুধ,0
1916,দুধ চিতই,0
1917,দুধলাউ,0
1918,দুধের ছানা,0
1919,দুপুর,0
1920,দুবার,0
1921,দুমুখো,0
1922,দুরুদ শরীফ,0
1923,দুর্গন্ধ,0
1924,দুর্গম,0
1925,দুর্গা পূজা,0
1926,দুর্নীতি,0
1927,দুর্বল,0
1928,দুর্ভাগ্য,0
1929,দুর্ভিক্ষ,0
1930,দুর্ভেদ্য,0
1931,দুর্যোগ,0
1932,দুর্লভ,0
1933,দুলাভাই,0
1934,দুষ্টামি করা,0
1935,দুষ্টু,0
1936,দূতাবাস,0
1937,দূরত্ব,0
1938,দূরীকরণ,0
1939,দূরে,0
1940,দূর্বাঘাস,0
1941,দূষণ,0
1942,দৃশ্য,0
1943,দৃষ্টি,0
1944,দৃষ্টি প্রতিবন্ধী,0
1945,দৃঢ়,0
1946,দেউলিয়া হওয়া,0
1947,দেনমোহর,0
1948,দেনাদার,0
1949,দেবর,0
1950,দেয়াল,0
1951,দেরী,0
1952,দেশ,0
1953,দেশপ্রেম,0
1954,দেহরক্ষী,0
1955,দেড়,0
1956,দৈনিক,0
1957,দৈর্ঘ্য,0
1958,দোআঁশ মাটি,0
1959,দোকান,0
1960,দোকানদার,0
1961,দোজখ,0
1962,দোতলা,0
1963,দোতলা বাস,0
1964,দোতারা,0
1965,দোভাষী,0
1966,দোমড়ানো,0
1967,দোয়াত,0
1968,দোয়েল,0
1969,দোলনা,0
1970,দোলা/হেলেদুলে,0
1971,দোষ,0
1972,দৌড়ানো,0
1973,দ্বিধা,0
1974,দ্বীপ,0
1975,দ্যুতি,0
1976,ধ,0
1977,ধনিয়া,0
1978,ধনী,0
1979,ধনেপাতা,0
1980,ধনেশ পাখি,0
1981,ধন্যবাদ,0
1982,ধপাস,0
1983,ধমক,0
1984,ধমনী,0
1985,ধরা,0
1986,ধর্মঘট,0
1987,ধর্মজাল,0
1988,ধর্ষণ,0
1989,ধস,0
1990,ধস্তাধস্তি,0
1991,ধাঁধা,0
1992,ধাওয়া,0
1993,ধাক্কা,0
1994,ধাত্রী,0
1995,ধান,0
1996,ধান ভাঙ্গার মেশিন,0
1997,ধানভানা,0
1998,ধানমন্ডি,0
1999,ধানের শীষ,0
2000,ধার করা,0
2001,ধারণা,0
2002,ধারাবাহিক,0
2003,ধারালো,0
2004,ধুতি,0
2005,ধুমকেতু,0
2006,ধুলা,0
2007,ধূপ,0
2008,ধূমপান বর্জন দিবস,0
2009,ধূলিসাৎ,0
2010,ধৈর্য ধরা,0
2011,ধোওয়া,0
2012,ধোকা দেয়া,0
2013,ধোপা,0
2014,ধ্বংস,0
2015,ধ্যান,0
2016,ধড়ফড়,0
2017,ন,0
2018,নওগাঁ,0
2019,নকল,0
2020,নকশা,0
2021,নকশী কাঁথা,0
2022,নখ,0
2023,নগদ,0
2024,নড়াইল,0
2025,নত,0
2026,নত হওয়া,0
2027,নতুন,0
2028,নথ (নাকের অলংকার),0
2029,নদী,0
2030,ননদ,0
2031,ননাস,0
2032,নন্দন পার্ক,0
2033,নন্দাই,0
2034,নফল,0
2035,নবজাতক,0
2036,নবান্ন,0
2037,নভেম্বর,0
2038,নমস্কার,0
2039,নমুনা,0
2040,নয়,0
2041,নরওয়ে,0
2042,নরম,0
2043,নরসিংদী,0
2044,নলকূপ,0
2045,না,0
2046,নাই,0
2047,নাইটি,0
2048,নাইট্রোজেন,0
2049,নাও,0
2050,নাও/দাও,0
2051,নাকঝাড়া,0
2052,নাকফুল,0
2053,নাগরদোলা,0
2054,নাগরিক,0
2055,নাগরিকত্ব,0
2056,নাগড়া,0
2057,নাচা,0
2058,নাজুক,0
2059,নাটক,0
2060,নাটোর,0
2061,নাড়ু,0
2062,নাতনি,0
2063,নাতি,0
2064,নাতিশীতোষ্ণ,0
2065,নাদুস নুদুস,0
2066,নানা,0
2067,নানা/দাদা,0
2068,নানাবিধ,0
2069,নানী,0
2070,নানী/দাদী,0
2071,নাপিত,0
2072,নাবিক,0
2073,নাম,0
2074,নামতা,0
2075,নামাজ,0
2076,নামাজের চৌকি,0
2077,নামাজের টুপি,0
2078,নামানো,0
2079,নারকেল,0
2080,নারকেল কোরানি,0
2081,নারকেলের ছোবড়া,0
2082,নারায়ণগঞ্জ,0
2083,নারী দিবস,0
2084,নারী/মহিলা/মেয়ে,0
2085,নার্স,0
2086,নার্সারী,0
2087,নাশপাতি,0
2088,নাসা,0
2089,নাস্তা,0
2090,নাস্তিক,0
2091,নিংড়ানো,0
2092,নিঃশব্দে,0
2093,নিঃশেষ,0
2094,নিঃশ্বাস,0
2095,নিঃসন্তান,0
2096,নিঃস্ব,0
2097,নিউইয়র্ক,0
2098,নিউজিল্যান্ড,0
2099,নিউমার্কেট,0
2100,নিউমোনিয়া,0
2101,নিখুঁত,0
2102,নিখোঁজ,0
2103,নিগ্রো,0
2104,নিচু,0
2105,নিজে,0
2106,নিন্দা করা,0
2107,নিবন্ধন,0
2108,নিভানো,0
2109,নিমকি,0
2110,নিয়ত,0
2111,নিয়ন্ত্রণ,0
2112,নিয়ম,0
2113,নিয়মাবলী,0
2114,নিয়মিত,0
2115,নিয়ে আসা,0
2116,নিয়োগ,0
2117,নিয়োগপত্র,0
2118,নিয়োজিত,0
2119,নিরক্ষর,0
2120,নিরপেক্ষ দৃষ্টি,0
2121,নিরপেক্ষ বিচার,0
2122,নিরাপত্তা,0
2123,নিরাপদ,0
2124,নিরাময়,0
2125,নিরাশ,0
2126,নিরীক্ষা/অডিট,0
2127,নিরীহ,0
2128,নিরুদ্দেশ,0
2129,নিরুৎসাহ,0
2130,নির্ঘুম,0
2131,নির্দিষ্ট,0
2132,নির্দেশিত,0
2133,নির্বাচন,0
2134,নির্ভেজাল,0
2135,নির্লজ্জ,0
2136,নিশানা,0
2137,নিশ্চয়,0
2138,নিশ্চিত,0
2139,নিশ্চিত করা,0
2140,নিশ্চিন্ত,0
2141,নিষেধ করা,0
2142,নিষেধাজ্ঞা,0
2143,নিষ্ঠুর,0
2144,নিস্পন্দ,0
2145,নিহত,0
2146,নিড়ানি,0
2147,নীড়,0
2148,নীতিমালা,0
2149,নীরব,0
2150,নীল (রং),0
2151,নীলফামারী,0
2152,নুডুলস,0
2153,নূপুর,0
2154,নেংটি,0
2155,নেইল কাটার,0
2156,নেইলপলিশ,0
2157,নেকাব,0
2158,নেট,0
2159,নেতা,0
2160,নেতৃত্ব,0
2161,নেত্রকোনা,0
2162,নেপাল,0
2163,নেশা,0
2164,নেশাখোর,0
2165,নোঙ্গর,0
2166,নোট,0
2167,নোটিশ,0
2168,নোনতা,0
2169,নোবেল পুরস্কার,0
2170,নোয়াখালী,0
2171,নোয়ানো,0
2172,নোলক,0
2173,নৌকা,0
2174,নৌকাবাইচ,0
2175,নৌকার হাল,0
2176,নৌবাহিনী,0
2177,নৌবিহার,0
2178,ন্যাড়া,0
2179,ন্যায়,0
2180,নড়া,0
2181,প,0
2182,পকেট,0
2183,পকেটমার,0
2184,পক্ষ,0
2185,পচা,0
2186,পছন্দ করা,0
2187,পটকা,0
2188,পটকা মাছ,0
2189,পটল,0
2190,পটানো,0
2191,পটুয়া,0
2192,পটুয়াখালী,0
2193,পড়া,0
2194,পতাকা,0
2195,পতিতা,0
2196,পথচারী,0
2197,পদক,0
2198,পদোন্নতি,0
2199,পদ্মা নদী,0
2200,পনির,0
2201,পনের,0
2202,পপ সঙ্গীত,0
2203,পবিত্র,0
2204,পয়সা,0
2205,পর,0
2206,পরকীয়া,0
2207,পরচুলা,0
2208,পরনির্ভরশীল,0
2209,পররাষ্ট্র,0
2210,পরাজয়,0
2211,পরাধীন,0
2212,পরামর্শ,0
2213,পরিকল্পনা,0
2214,পরিচয়,0
2215,পরিচয় পত্র,0
2216,পরিচর্যা,0
2217,পরিচালক,0
2218,পরিচালনা,0
2219,পরিচিতি,0
2220,পরিত্যক্ত,0
2221,পরিদর্শক,0
2222,পরিদর্শন,0
2223,পরিধান,0
2224,পরিবর্তন,0
2225,পরিবার,0
2226,পরিবার দিবস,0
2227,পরিবেশ,0
2228,পরিবেশ দিবস,0
2229,পরিবেশন করা,0
2230,পরিমাণ,0
2231,পরিমাপ,0
2232,পরিশোধ করা,0
2233,পরিশ্রম,0
2234,পরিষ্কার,0
2235,পরিসংখ্যান,0
2236,পরী,0
2237,পরীক্ষা,0
2238,পরীক্ষার্থী,0
2239,পরে,0
2240,পরোটা,0
2241,পরোয়ানা,0
2242,পর্চা,0
2243,পর্দা,0
2244,পর্বতারোহী,0
2245,পর্যটক,0
2246,পর্যন্ত,0
2247,পর্যবেক্ষণ,0
2248,পর্যাপ্ত,0
2249,পলাতক,0
2250,পলিশ,0
2251,পল্লীগীতি,0
2252,পশু চিকিৎসা বিজ্ঞান,0
2253,পশুপালন বিজ্ঞান,0
2254,পশ্চিম,0
2255,পশ্চিম (দিক),0
2256,পাঁচ,0
2257,পাঁচফোড়ন,0
2258,পাংগাশ মাছ,0
2259,পাইপিন,0
2260,পাউডার,0
2261,পাওনাদার,0
2262,পাওয়া,0
2263,পাকনা/ডানা,0
2264,পাকা,0
2265,পাকা রাস্তা,0
2266,পাকাচুল,0
2267,পাকিস্তান,0
2268,পাক্কন পিঠা,0
2269,পাখি,0
2270,পাখির ডাক,0
2271,পাগড়ী,0
2272,পাচারকারী,0
2273,পাজর,0
2274,পাঞ্চ মেশিন,0
2275,পাঞ্জাবী,0
2276,পাট,0
2277,পাটখড়ি,0
2278,পাটা,0
2279,পাটিসাপটা পিঠা,0
2280,পাঠক,0
2281,পাড়া/মহল্লা,0
2282,পাতলা,0
2283,পাতাল পথ,0
2284,পাত্তা দেয়া,0
2285,পাথর,0
2286,পান,0
2287,পানি/জল,0
2288,পানিফল,0
2289,পানির কল,0
2290,পানির ফিল্টার,0
2291,পানির মিটার,0
2292,পানের বোরজ,0
2293,পান্তা ভাত,0
2294,পান্তােয়া,0
2295,পাপ,0
2296,পাপড়ি,0
2297,পাপর,0
2298,পাপী,0
2299,পাপোশ,0
2300,পাবনা,0
2301,পায়জামা,0
2302,পায়েস,0
2303,পারদর্শী,0
2304,পারফিউম,0
2305,পারস্পরিক,0
2306,পারাপার,0
2307,পার্ক,0
2308,পার্থক্য,0
2309,পাল তোলা,0
2310,পালং শাক,0
2311,পালকি,0
2312,পালানো,0
2313,পালিত সন্তান,0
2314,পাশা,0
2315,পাশাপাশি,0
2316,পাষাণ,0
2317,পাস,0
2318,পাসপোর্ট,0
2319,পাস্টার,0
2320,পাহাড়ী এলাকা,0
2321,পাহারা,0
2322,পাহারাদার,0
2323,পিঁপড়া,0
2324,পিঁয়াজ,0
2325,পিঁড়ি,0
2326,পিএইচডি,0
2327,পিকআপ ভ্যান,0
2328,পিকনিক স্পট,0
2329,পিচ্ছিল,0
2330,পিছন,0
2331,পিছিয়ে থাকা,0
2332,পিছু হটা,0
2333,পিছে পিছে,0
2334,পিঞ্জর,0
2335,পিঠ,0
2336,পিঠা,0
2337,পিতল,0
2338,পিন,0
2339,পিয়াজু,0
2340,পিয়ানো,0
2341,পিরা,0
2342,পিরামিড,0
2343,পিরিচ,0
2344,পিরোজপুর,0
2345,পিল,0
2346,পিলখানা,0
2347,পীর,0
2348,পুঁইশাক,0
2349,পুঁজি/মূলধন,0
2350,পুঁটলি,0
2351,পুঁটি মাছ,0
2352,পুকুর,0
2353,পুকুর ঘাট,0
2354,পুকুর পাড়,0
2355,পুড়ে যাওয়া,0
2356,পুণ্য/সওয়াব,0
2357,পুতি,0
2358,পুতুলনাচ,0
2359,পুত্র,0
2360,পুরস্কার,0
2361,পুরাতন,0
2362,পুরি,0
2363,পুরু,0
2364,পুরুষ,0
2365,পুলি পিঠা,0
2366,পুলিশ,0
2367,পুষ্টি বিজ্ঞান,0
2368,পূজা,0
2369,পূর্ণিমা,0
2370,পূর্ব,0
2371,পূর্ব (দিক),0
2372,পূর্বপুরুষ,0
2373,পৃথিবী,0
2374,পৃষ্ঠা,0
2375,পেঁচানো,0
2376,পেঁপে,0
2377,পেখম,0
2378,পেজার,0
2379,পেট,0
2380,পেট ভরা,0
2381,পেটিকোট/সায়া,0
2382,পেটিস,0
2383,পেনড্রাইভ,0
2384,পেন্সিল,0
2385,পেপার,0
2386,পেপার ওয়েট,0
2387,পেয়ারা,0
2388,পেরেক,0
2389,পেশা,0
2390,পেশা/চাকুরি,0
2391,পেশী,0
2392,পেস্টিং পেপার,0
2393,পেস্তাবাদাম,0
2394,পৈতা,0
2395,পোনা মাছ,0
2396,পোপ,0
2397,পোলাও,0
2398,পোলিও,0
2399,পোলিও টিকা,0
2400,পোলো,0
2401,পোষা,0
2402,পোষাক,0
2403,পোস্ট পেইড,0
2404,পোস্টকার্ড,0
2405,পোস্টমর্টেম,0
2406,পোস্টার,0
2407,পৌঁছানো,0
2408,পৌরনীতি,0
2409,পৌরসভা,0
2410,পৌষ,0
2411,পৌঢ়,0
2412,পৌঢ়া,0
2413,প্যাঁচ,0
2414,প্যাথেডিন,0
2415,প্যান,0
2416,প্যান্ট,0
2417,প্রকার,0
2418,প্রকাশ,0
2419,প্রকাশকাল,0
2420,প্রকাশ্যে,0
2421,প্রকৌশলী,0
2422,প্রচার,0
2423,প্রজাপতি,0
2424,প্রতারক,0
2425,প্রতারণা,0
2426,প্রতিজ্ঞা,0
2427,প্রতিদিন,0
2428,প্রতিবন্ধী,0
2429,প্রতিবাদ,0
2430,প্রতিবেদন,0
2431,প্রতিবেশী,0
2432,প্রতিভা,0
2433,প্রতিযোগিতা,0
2434,প্রতিরোধ,0
2435,প্রতিশোধ,0
2436,প্রতিষ্ঠা,0
2437,প্রতিষ্ঠাতা,0
2438,প্রতিষ্ঠান,0
2439,প্রত্যাখ্যান,0
2440,প্রত্যেক,0
2441,প্রথম,0
2442,প্রথম পত্র/দ্বিতীয় পত্র,0
2443,প্রদর্শনী,0
2444,প্রদান,0
2445,প্রদীপ,0
2446,প্রধান,0
2447,প্রধান শিক্ষক,0
2448,প্রধানমন্ত্রী,0
2449,প্রবাহিত,0
2450,প্রবেশ,0
2451,প্রমাণ,0
2452,প্রয়োগ,0
2453,প্ররোচনা,0
2454,প্রশংসা,0
2455,প্রশংসাপত্র,0
2456,প্রশিক্ষক,0
2457,প্রশিক্ষণ,0
2458,প্রশিক্ষণার্থী,0
2459,প্রশ্ন,0
2460,প্রশ্নচিহ্ন,0
2461,প্রসব,0
2462,প্রসাদ,0
2463,প্রসারিত,0
2464,প্রস্তাব,0
2465,প্রস্থ,0
2466,প্রস্রাব,0
2467,প্রাচীনযুগ,0
2468,প্রাণ (জান),0
2469,প্রাণবন্ত,0
2470,প্রাণি বিজ্ঞান,0
2471,প্রাথমিক বিদ্যালয়,0
2472,প্রাপক,0
2473,প্রাপ্তবয়স্ক,0
2474,প্রার্থনা,0
2475,প্রাসঙ্গিক,0
2476,প্রাসাদ,0
2477,প্রিপেইড,0
2478,প্রিয়,0
2479,প্রেম,0
2480,প্রেমিক,0
2481,প্রেমিকা,0
2482,প্রেরক,0
2483,প্রেসার কুকার,0
2484,প্লাগ,0
2485,প্লাস্টিক,0
2486,প্লে গ্রুপ,0
2487,প্লেট,0
2488,প্লেন,0
2489,প্ল্যাটফর্ম,0
2490,ফ,0
2491,ফজর (নামাজ),0
2492,ফটোকপি,0
2493,ফটোফ্রেম,0
2494,ফড়িং,0
2495,ফতুয়া,0
2496,ফন্দি আঁটা,0
2497,ফরজ,0
2498,ফরম,0
2499,ফরাসী,0
2500,ফরিদপুর,0
2501,ফর্সা,0
2502,ফল,0
2503,ফলাফল,0
2504,ফলের রস,0
2505,ফসকানো,0
2506,ফসকে যাওয়া,0
2507,ফসল,0
2508,ফাঁক,0
2509,ফাঁকা,0
2510,ফাঁকি দেয়া,0
2511,ফাঁকিবাজ,0
2512,ফাঁদ,0
2513,ফাঁসি,0
2514,ফাইটার প্লেন,0
2515,ফাইল,0
2516,ফাঙ্গাস,0
2517,ফাটানো,0
2518,ফাদার,0
2519,ফারেনহাইট,0
2520,ফার্মেসি,0
2521,ফার্মেসী,0
2522,ফালি,0
2523,ফাল্গুন,0
2524,ফিউজ,0
2525,ফিঙে,0
2526,ফিজিওথেরাপি,0
2527,ফিজিওথেরাপিস্ট,0
2528,ফিটকারী,0
2529,ফিটফাট,0
2530,ফিডার,0
2531,ফিতা,0
2532,ফিনকি,0
2533,ফিনল্যান্ড,0
2534,ফিরে আসা,0
2535,ফিলিপাইন,0
2536,ফু দেয়া,0
2537,ফুট,0
2538,ফুটন্ত,0
2539,ফুটপাত,0
2540,ফুটবল খেলা,0
2541,ফুটানো,0
2542,ফুপানো,0
2543,ফুপু,0
2544,ফুপুা,0
2545,ফুল,0
2546,ফুল পিঠা,0
2547,ফুলকপি,0
2548,ফুলকি,0
2549,ফুলদানী,0
2550,ফুলের তোড়া,0
2551,ফুসকা,0
2552,ফুসফুস,0
2553,ফুসলানো,0
2554,ফেনসিডিল,0
2555,ফেনা,0
2556,ফেব্রুয়ারি,0
2557,ফেরত,0
2558,ফেরি,0
2559,ফেরিওয়ালা,0
2560,ফেরেশতা,0
2561,ফেলে দেয়া,0
2562,ফেস ওয়াস,0
2563,ফেস পাউডার,0
2564,ফোঁড়া,0
2565,ফোকর,0
2566,ফোটা/ডট,0
2567,ফোম,0
2568,ফোয়ারা,0
2569,ফোল্ডার,0
2570,ফোল্ডিং চেয়ার,0
2571,ফ্যাকাসে,0
2572,ফ্যাক্স,0
2573,ফ্যান,0
2574,ফ্যান্টাসি,0
2575,ফ্যান্টাসি কিংডম পার্ক,0
2576,ফ্যাশন ডিজাইন,0
2577,ফ্রক (মেয়েদের জামা),0
2578,ফ্রাই প্যান,0
2579,ফ্রাইড রাইস,0
2580,ফ্রান্স,0
2581,ফ্রিজ,0
2582,ফ্লাইওভার,0
2583,ফ্লাস্ক,0
2584,ফ্লেক্সিলোড,0
2585,ফ্ল্যাশ ব্যাটারি,0
2586,ব,0
2587,বংশানুক্রমিক,0
2588,বই,0
2589,বইমেলা,0
2590,বইয়ের দোকান,0
2591,বউ,0
2592,বউকথা কও,0
2593,বক,0
2594,বক নং,0
2595,বকশিশ,0
2596,বকুল ফুল,0
2597,বক্তৃতা,0
2598,বক্সিং,0
2599,বখরম,0
2600,বখাটে,0
2601,বগল,0
2602,বগুড়া,0
2603,বঙ্গভবন,0
2604,বজ্রপাত,0
2605,বঞ্চনা,0
2606,বট গাছ,0
2607,বটি,0
2608,বড়,0
2609,বড় আব্বা,0
2610,বড় আম্মা,0
2611,বড়দিন,0
2612,বড়া,0
2613,বদনা,0
2614,বদনাম,0
2615,বদমাইশ,0
2616,বদলি,0
2617,বন,0
2618,বন বিড়াল,0
2619,বনবাস,0
2620,বন্টন,0
2621,বন্দী,0
2622,বন্ধ করা,0
2623,বন্ধু,0
2624,বন্ধু দিবস,0
2625,বন্ধু/বান্ধবী,0
2626,বন্ধ্যা,0
2627,বন্যা,0
2628,বপন,0
2629,বমি,0
2630,বয়লার,0
2631,বয়স কত,0
2632,বয়স্ক শিক্ষা,0
2633,বর,0
2634,বরই,0
2635,বরগুনা,0
2636,বরফ,0
2637,বরবটি,0
2638,বরযাত্রী যাত্রী,0
2639,বরিশাল,0
2640,বরিশাল বিভাগ,0
2641,বর্গক্ষেত্র,0
2642,বর্ণনা/বিবরণ,0
2643,বর্ণমালা,0
2644,বর্তমান,0
2645,বর্ষাকাল,0
2646,বল,0
2647,বলম,0
2648,বলি,0
2649,বস,0
2650,বসন্ত রোগ,0
2651,বসন্তকাল,0
2652,বসবাস,0
2653,বসা,0
2654,বসুন্ধরা সিটি,0
2655,বস্তা,0
2656,বস্তি,0
2657,বহিরাগত,0
2658,বহিষ্কার,0
2659,বহিস্কার,0
2660,বাঁকা,0
2661,বাঁচা,0
2662,বাঁধ,0
2663,বাঁধন,0
2664,বাঁধাকপি,0
2665,বাঁশ,0
2666,বাঁশী,0
2667,বাঁয়ে,0
2668,বাংলা,0
2669,বাংলাদেশ,0
2670,বাংলাদেশ আওয়ামী লীগ,0
2671,বাংলাদেশ চীন মৈত্রী সম্মেলন কেন্দ্র,0
2672,বাইদানি,0
2673,বাইবেল,0
2674,বাইরে,0
2675,বাউল,0
2676,বাক্য,0
2677,বাক্স,0
2678,বাগদান,0
2679,বাগান,0
2680,বাগেরহাট,0
2681,বাঘ,0
2682,বাঙ্গালী,0
2683,বাঙ্গী,0
2684,বাচাল,0
2685,বাছাই করা,0
2686,বাজার/মার্কেট,0
2687,বাজারসদাই,0
2688,বাজু বন্ধ,0
2689,বাজেট,0
2690,বাটখারা,0
2691,বাটাখারা,0
2692,বাটারবন,0
2693,বাটালী,0
2694,বাটি,0
2695,বাড়িওয়ালা,0
2696,বাণিজ্য (বিভাগ),0
2697,বাণিজ্য মেলা,0
2698,বাণী,0
2699,বাত,0
2700,বাতাস,0
2701,বাতাসা,0
2702,বাতিল,0
2703,বাথরুম,0
2704,বাদ দেয়া,0
2705,বাদাম,0
2706,বাদুড়,0
2707,বাদ্যযন্ত্র,0
2708,বাধ্য,0
2709,বাধ্যতামূলক,0
2710,বানর,0
2711,বানান করা,0
2712,বানানো/তৈরি করা,0
2713,বান্ডিল,0
2714,বান্দরবান,0
2715,বাবরি চুল,0
2716,বাবা,0
2717,বাবা দিবস,0
2718,বাবুই,0
2719,বাবুর্চি,0
2720,বামনত্ব,0
2721,বামশ,0
2722,বার/সপ্তাহের দিন,0
2723,বারান্দা,0
2724,বারো,0
2725,বার্নিশ,0
2726,বার্লি,0
2727,বালতি,0
2728,বালিশ,0
2729,বালু,0
2730,বাল্ব,0
2731,বাল্যবিবাহ,0
2732,বাশঁঝাড়,0
2733,বাষ্প,0
2734,বাস,0
2735,বাস স্টপেজ,0
2736,বাসস্থান,0
2737,বাসা,0
2738,বাসিন্দা,0
2739,বাস্কেটবল,0
2740,বাহ,0
2741,বাহক,0
2742,বাহু,0
2743,বিউটি পার্লার,0
2744,বিকল,0
2745,বিকল্প,0
2746,বিকাল,0
2747,বিক্রেতা,0
2748,বিক্ষোভ,0
2749,বিচার,0
2750,বিচারপতি,0
2751,বিচ্ছিন্ন,0
2752,বিছা,0
2753,বিছানা,0
2754,বিছানার চাদর,0
2755,বিছানো,0
2756,বিজলী চমকানো,0
2757,বিজোড় সংখ্যা,0
2758,বিজ্ঞান (বিভাগ),0
2759,বিজ্ঞান (বিষয়),0
2760,বিজ্ঞানী,0
2761,বিজ্ঞাপন,0
2762,বিড়াল,0
2763,বিদায়,0
2764,বিদেশ,0
2765,বিদ্যালয়/স্কুল,0
2766,বিদ্যুতের মিটার,0
2767,বিদ্যুৎ,0
2768,বিদ্রোহ,0
2769,বিধবা,0
2770,বিনিয়োগ,0
2771,বিন্দু,0
2772,বিপত্নীক,0
2773,বিপদ,0
2774,বিপদগ্রস্ত মানুষ,0
2775,বিপরীত,0
2776,বিপি মেশিন,0
2777,বিবাহবার্ষিকী,0
2778,বিভক্ত,0
2779,বিভাগ,0
2780,বিমর্ষ/বিষণ্ণ,0
2781,বিমান বাহিনী,0
2782,বিমানবন্দর,0
2783,বিমোচন,0
2784,বিয়ে,0
2785,বিয়োগ,0
2786,বিরক্ত,0
2787,বিরতি,0
2788,বিরিয়ানী,0
2789,বিরুদ্ধে,0
2790,বিরোধী,0
2791,বিল,0
2792,বিলি করা,0
2793,বিলিকাটা,0
2794,বিলুপ্ত,0
2795,বিশ,0
2796,বিশেষ,0
2797,বিশেষ শিক্ষা,0
2798,বিশ্ব এস্তেমা,0
2799,বিশ্ব সুন্দরী,0
2800,বিশ্ববিদ্যালয়,0
2801,বিশ্বব্যাংক,0
2802,বিশ্বাস,0
2803,বিশ্রাম,0
2804,বিষ,0
2805,বিষয়,0
2806,বিষাক্ত,0
2807,বিস্কুট,0
2808,বিস্তৃতি,0
2809,বিস্ফোরণ,0
2810,বিস্বাদ,0
2811,বীজগণিত,0
2812,বীনা,0
2813,বীমা,0
2814,বীর,0
2815,বীড়া,0
2816,বুক,0
2817,বুকসেলফ,0
2818,বুঝতে পারা,0
2819,বুট জুতা,0
2820,বুট ভাজা,0
2821,বুটের ডাল,0
2822,বুড়া,0
2823,বুড়ি,0
2824,বুড়িগঙ্গা নদী,0
2825,বুদ্ধি,0
2826,বুধবার,0
2827,বুয়া,0
2828,বুলবুলি,0
2829,বুলানো,0
2830,বৃক্ষরোপণ,0
2831,বৃত্ত,0
2832,বৃথা,0
2833,বৃষ্টি,0
2834,বৃহস্পতিবার,0
2835,বেঈমান,0
2836,বেকার,0
2837,বেগুন,0
2838,বেগুনি,0
2839,বেগুনি রং,0
2840,বেচা,0
2841,বেঞ্চ,0
2842,বেড়া,0
2843,বেড়ানো,0
2844,বেড়ার ঘর,0
2845,বেড়ে উঠা,0
2846,বেত,0
2847,বেতন,0
2848,বেতন স্কেল,0
2849,বেতফল,0
2850,বেতের চেয়ার,0
2851,বেদানা,0
2852,বেনারসি শাড়ি,0
2853,বেবি টেক্সি,0
2854,বেবি ট্যাক্সি,0
2855,বেবিকট,0
2856,বেয়াদব,0
2857,বেরিক্যাড,0
2858,বেল,0
2859,বেল গাছ,0
2860,বেলজিয়াম,0
2861,বেলী ফুল,0
2862,বেলুন,0
2863,বেলুনি,0
2864,বেলে মাটি,0
2865,বেল্ট,0
2866,বেশি,0
2867,বেসন,0
2868,বেসবল,0
2869,বেসরকারী,0
2870,বেসিন,0
2871,বেহায়া,0
2872,বেহেশত,0
2873,বৈঠক/সভা,0
2874,বৈঠকখানা,0
2875,বৈঠা,0
2876,বৈধ,0
2877,বৈমানিক/পাইলট,0
2878,বৈয়াম,0
2879,বৈশাখ,0
2880,বৈষম্য,0
2881,বোঁচা,0
2882,বোকা,0
2883,বোচকা,0
2884,বোঝা,0
2885,বোঝাই,0
2886,বোতল,0
2887,বোতাম,0
2888,বোন,0
2889,বোন/আপা,0
2890,বোমা,0
2891,বোম্বাই মরিচ,0
2892,বোয়াল মাছ,0
2893,বোরখা,0
2894,বোরহানি,0
2895,বোর্ড পিন,0
2896,বোলার,0
2897,বৌ-ভাত,0
2898,বৌদ্ধ ধর্ম,0
2899,বৌদ্ধ মন্দির,0
2900,ব্যক্তি,0
2901,ব্যক্তিগত,0
2902,ব্যঞ্জনবর্ণ,0
2903,ব্যতিক্রম,0
2904,ব্যথা,0
2905,ব্যবসা,0
2906,ব্যবস্থাপক,0
2907,ব্যবহারিক,0
2908,ব্যয়,0
2909,ব্যর্থ,0
2910,ব্যস্ত,0
2911,ব্যাংক,0
2912,ব্যাকরন,0
2913,ব্যাকুল,0
2914,ব্যাখ্যা,0
2915,ব্যাগ,0
2916,ব্যাঙ,0
2917,ব্যাঙাচি,0
2918,ব্যাঙের ছাতা,0
2919,ব্যাটসম্যান,0
2920,ব্যাডমিন্টন,0
2921,ব্যানার,0
2922,ব্যান্ড পার্টি,0
2923,ব্যান্ডেজ,0
2924,ব্যায়াম,0
2925,ব্যাস,0
2926,ব্যাসার্ধ,0
2927,ব্রডব্যান্ড,0
2928,ব্রণ,0
2929,ব্রাজিল,0
2930,ব্রাশ,0
2931,ব্রাহ্মণবাড়ীয়া,0
2932,ব্রিটিশ পাউন্ড,0
2933,ব্রিফকেস,0
2934,ব্রেইল,0
2935,ব্রেশিয়ার,0
2936,ব্রেসলেট,0
2937,ব্লাউজ,0
2938,ব্লিচিং পাউডার,0
2939,ব্লেড,0
2940,ব্লেন্ডার মেশিন,0
2941,ব্ল্যাকবোর্ড,0
2942,বড়শি,0
2943,ভ,0
2944,ভগবান,0
2945,ভগ্নাংশ,0
2946,ভন্ড,0
2947,ভবঘুরে,0
2948,ভবিষ্যৎ,0
2949,ভয়,0
2950,ভয়ঙ্কর,0
2951,ভর,0
2952,ভরণপোষণ,0
2953,ভরাট,0
2954,ভর্তা,0
2955,ভর্তি,0
2956,ভর্তি ফি,0
2957,ভলিবল,0
2958,ভাঁজ করা,0
2959,ভাংচুর,0
2960,ভাংতি,0
2961,ভাই,0
2962,ভাই/ভাইয়া,0
2963,ভাইফোঁটা,0
2964,ভাইয়া,0
2965,ভাইরাস,0
2966,ভাগ,0
2967,ভাগ্নি,0
2968,ভাগ্নে,0
2969,ভাগ্য,0
2970,ভাঙ্গা,0
2971,ভাজা,0
2972,ভাটা,0
2973,ভাটি,0
2974,ভাড়া,0
2975,ভাড়াটে,0
2976,ভাত,0
2977,ভাতিজা,0
2978,ভাতিজি,0
2979,ভাতের মাড়,0
2980,ভাদ্র,0
2981,ভাপা পিঠা,0
2982,ভাব,0
2983,ভাবী,0
2984,ভার/কাঁধের ভার,0
2985,ভারত,0
2986,ভারতীয় রুপি,0
2987,ভারপ্রাপ্ত,0
2988,ভারসাম্য,0
2989,ভারী,0
2990,ভাল,0
2991,ভালো,0
2992,ভালো মন্দ বলা,0
2993,ভালোবাসা,0
2994,ভালোবাসা দিবস,0
2995,ভাল্লুক,0
2996,ভাষা,0
2997,ভাষান্তর,0
2998,ভাষ্যকার,0
2999,ভাসমান,0
3000,ভাসা,0
3001,ভাসুর,0
3002,ভাস্কর্য,0
3003,ভায়রা,0
3004,ভিক্ষুক,0
3005,ভিজাা পাক্কন পিঠা,0
3006,ভিটামিন,0
3007,ভিটেবালি,0
3008,ভিডিও গেমস,0
3009,ভিডিও রেকর্ড,0
3010,ভিতরে,0
3011,ভিসা,0
3012,ভিসিআর,0
3013,ভিড়,0
3014,ভুঁড়ি,0
3015,ভুটান,0
3016,ভুট্টা,0
3017,ভুল,0
3018,ভুলে যাওয়া,0
3019,ভূগর্ভ,0
3020,ভূগোল,0
3021,ভূপৃষ্ঠ,0
3022,ভূমি আইন,0
3023,ভূমিকম্প,0
3024,ভেজা,0
3025,ভেজানো,0
3026,ভেজাল,0
3027,ভেড়া,0
3028,ভেন্টিলেটর,0
3029,ভেলা,0
3030,ভোট,0
3031,ভোটকেন্দ্র,0
3032,ভোটার তালিকা,0
3033,ভোতা,0
3034,ভোদর,0
3035,ভোর,0
3036,ভোলা,0
3037,ভোলা (জেলা),0
3038,ভোল্টেজ স্ট্যাবিলাইজার,0
3039,ভৌগোলিক,0
3040,ভ্যাকুয়াম ক্লিনার,0
3041,ভ্যান গাড়ি,0
3042,ভ্যালক্রো,0
3043,ভ্যাসলিন,0
3044,ভ্রমণ,0
3045,ভ্রমর,0
3046,ম,0
3047,মই,0
3048,মক্কা,0
3049,মক্কেল,0
3050,মগ,0
3051,মগডাল,0
3052,মঙ্গলবার,0
3053,মচকানো,0
3054,মজা (সুস্বাদু),0
3055,মজা/আমোদ,0
3056,মঞ্জুর,0
3057,মটকা,0
3058,মটরশুঁটি,0
3059,মঠ,0
3060,মণ,0
3061,মত,0
3062,মতিঝিল,0
3063,মদ,0
3064,মদিনা,0
3065,মধু,0
3066,মধুচন্দ্রিমা,0
3067,মধ্যবিত্ত,0
3068,মন/হৃদয়,0
3069,মনে পড়া,0
3070,মনে রাখা,0
3071,মনোবিজ্ঞান,0
3072,মনোমালিন্য,0
3073,মন্তব্য,0
3074,মন্ত্রী,0
3075,মন্দিরা,0
3076,ময়দা,0
3077,ময়না,0
3078,ময়মনসিংহ,0
3079,ময়মনসিংহ বিভাগ,0
3080,ময়লা,0
3081,ময়লাটে,0
3082,ময়লার দাগ,0
3083,ময়ূর,0
3084,মরিচ,0
3085,মরুভূমি,0
3086,মর্যাদা,0
3087,মলম,0
3088,মলা মাছ,0
3089,মলাট,0
3090,মশা,0
3091,মশারী,0
3092,মশাল,0
3093,মসজিদ,0
3094,মসুর ডাল,0
3095,মসৃণ,0
3096,মস্তিষ্ক,0
3097,মহড়া,0
3098,মহররম,0
3099,মহাদেশ,0
3100,মহাশয়/স্যার,0
3101,মহাসাগর,0
3102,মহিষ,0
3103,মা,0
3104,মা দিবস,0
3105,মাইক,0
3106,মাইক্রোওয়েভ ওভেন,0
3107,মাইক্রোফোন,0
3108,মাইক্রোবাস,0
3109,মাইলফলক,0
3110,মাউথ অর্গান,0
3111,মাওই,0
3112,মাকড়সা,0
3113,মাখানো,0
3114,মাগরিব (নামাজ),0
3115,মাগুর মাছ,0
3116,মাগুরা,0
3117,মাঘ,0
3118,মাচা,0
3119,মাছ,0
3120,মাছরাঙা পাখি,0
3121,মাছি,0
3122,মাছের চাই,0
3123,মাজা,0
3124,মাজার,0
3125,মাঝামাঝি,0
3126,মাঝি,0
3127,মাটির ঘর,0
3128,মাটির চুলা,0
3129,মাঠকর্মী,0
3130,মাতাল,0
3131,মাতাল/পাতলা,0
3132,মাতৃভাষা,0
3133,মাতৃভূমি,0
3134,মাতৃসদন,0
3135,মাত্র,0
3136,মাথা,0
3137,মাথাপিছু আয়,0
3138,মাথাব্যথা,0
3139,মাথার তালু,0
3140,মাদারীপুর,0
3141,মাদুর,0
3142,মাধ্যমিক বিদ্যালয়,0
3143,মানচিত্র,0
3144,মানবাধিকার দিবস,0
3145,মানবিক (বিভাগ),0
3146,মানসিক অসুস্থ,0
3147,মানিকগঞ্জ,0
3148,মানুষ,0
3149,মানুষের ছায়া,0
3150,মাফলার,0
3151,মামলা,0
3152,মামা,0
3153,মামাতো ভাই/বোন,0
3154,মামী,0
3155,মায়া,0
3156,মায়ানমার,0
3157,মারা,0
3158,মারামারি,0
3159,মার্কার,0
3160,মার্কেট,0
3161,মার্চ,0
3162,মার্বেল,0
3163,মালগাড়ি,0
3164,মালদ্বীপ,0
3165,মালয়েশিয়া,0
3166,মালি,0
3167,মালিক,0
3168,মালিশ,0
3169,মাল্টিপ্লাগ,0
3170,মাস,0
3171,মাসকারা,0
3172,মাস্ক,0
3173,মাস্তান,0
3174,মাড়াই করা,0
3175,মাড়ি,0
3176,মিছরি,0
3177,মিছামিছি,0
3178,মিছিল,0
3179,মিটসেফ,0
3180,মিটার,0
3181,মিটার (পরিমাপ একক),0
3182,মিতব্যায়ী,0
3183,মিথ্যা,0
3184,মিনিট,0
3185,মিমাংসা,0
3186,মিরপুর,0
3187,মিল,0
3188,মিলাদ,0
3189,মিলিগ্রাম,0
3190,মিলিমিটার,0
3191,মিলিলিটার,0
3192,মিলেমিশে,0
3193,মিশর,0
3194,মিশুক,0
3195,মিষ্টান্ন,0
3196,মিষ্টি,0
3197,মিষ্টি (স্বাদ),0
3198,মিসকল,0
3199,মিহি,0
3200,মীমাংসা,0
3201,মুক্তা,0
3202,মুক্তিযুদ্ধ,0
3203,মুক্তিযোদ্ধা,0
3204,মুখস্ত,0
3205,মুখোমুখি,0
3206,মুখোশ,0
3207,মুগ ডাল,0
3208,মুগুর পা,0
3209,মুচি,0
3210,মুড়ি,0
3211,মুন্সিগঞ্জ,0
3212,মুরগী,0
3213,মুলতবী,0
3214,মুলা,0
3215,মুসলিম,0
3216,মুড়লি,0
3217,মুড়োঘন্ট,0
3218,মূর্তি,0
3219,মূল্য,0
3220,মূল্যছাড়,0
3221,মৃগী রোগ,0
3222,মৃত,0
3223,মৃত্তিকা বিজ্ঞান,0
3224,মৃত্যু,0
3225,মৃত্যুদণ্ড,0
3226,মৃত্যুবার্ষিকী,0
3227,মৃদু,0
3228,মৃৎশিল্প,0
3229,মে,0
3230,মেইন সুইচ,0
3231,মেকআপ,0
3232,মেক্সিকো,0
3233,মেঘ,0
3234,মেঘনা নদী,0
3235,মেজর,0
3236,মেজর জেনারেল,0
3237,মেঝে,0
3238,মেট্রিকটন,0
3239,মেথর,0
3240,মেদ,0
3241,মেধাবী,0
3242,মেনি মাছ,0
3243,মেনে চলা,0
3244,মেনে নেয়া,0
3245,মেম্বার,0
3246,মেরা পিঠা,0
3247,মেরামত,0
3248,মেরুদন্ড,0
3249,মেলা,0
3250,মেলামেশা,0
3251,মেহমান,0
3252,মেহেদী,0
3253,মেহেরপুর,0
3254,মোগলাই পরোটা,0
3255,মোজা,0
3256,মোট,0
3257,মোটর সাইকেল,0
3258,মোটা,0
3259,মোটামুটি,0
3260,মোবাইলফোন,0
3261,মোমবাতি,0
3262,মোয়া,0
3263,মোয়াজ্জিন,0
3264,মোরগ,0
3265,মোরব্বা,0
3266,মোড়,0
3267,মোড়ক,0
3268,মোড়া,0
3269,মৌচাক,0
3270,মৌমাছি,0
3271,মৌলভীবাজার,0
3272,ম্যানহোল,0
3273,ম্যালেরিয়া,0
3274,ম্যাসাজ,0
3275,ম্যাসেজ,0
3276,মৎস্য চাষ,0
3277,মৎস্য বিজ্ঞান,0
3278,মড়ক,0
3279,যকৃত,0
3280,যক্ষা,0
3281,যখন,0
3282,যতক্ষণ,0
3283,যত্ন,0
3284,যদি,0
3285,যমুনা নদী,0
3286,যশোর,0
3287,যাঁতা,0
3288,যাও (অনুরোধ),0
3289,যাও (নির্দেশ),0
3290,যাতায়াত,0
3291,যাত্রা,0
3292,যাত্রী,0
3293,যাদু,0
3294,যাদুকর,0
3295,যাদুঘর,0
3296,যাদুটোনা,0
3297,যানবাহন,0
3298,যাবজ্জীবন,0
3299,যীশু,0
3300,যুগ,0
3301,যেকোন,0
3302,যেমন,0
3303,যোগ,0
3304,যোগাযোগ,0
3305,যোগ্যতা,0
3306,যোহর (নামাজ),0
3307,যৌতুক,0
3308,র,0
3309,রং,0
3310,রং করা,0
3311,রংতুলি,0
3312,রংধনু,0
3313,রংপুর,0
3314,রংপুর বিভাগ,0
3315,রংপ্লেট,0
3316,রকিং চেয়ার,0
3317,রকেট,0
3318,রক্ত,0
3319,রক্তক্ষরণ,0
3320,রক্তচাপ,0
3321,রক্তদাতা,0
3322,রক্তস্বল্পতা,0
3323,রক্তাক্ত,0
3324,রক্ষণাবেক্ষণ,0
3325,রক্ষা করা,0
3326,রঙ্গিন,0
3327,রচনা,0
3328,রজত জয়ন্তী,0
3329,রজনীগন্ধা,0
3330,রড,0
3331,রথ,0
3332,রপ্তানী,0
3333,রবিবার,0
3334,রবীন্দ্রনাথ ঠাকুর,0
3335,রসমালাই,0
3336,রসায়ন,0
3337,রসুন,0
3338,রাখা,0
3339,রাখাল,0
3340,রাখি,0
3341,রাগ,0
3342,রাজকোষ,0
3343,রাজধানী,0
3344,রাজনীতি,0
3345,রাজবাড়ি,0
3346,রাজমিস্ত্রি,0
3347,রাজশাহী,0
3348,রাজশাহী বিভাগ,0
3349,রাজহাঁস,0
3350,রাজা,0
3351,রাজাকার,0
3352,রাজি,0
3353,রাত,0
3354,রাত (সময়),0
3355,রাতকানা,0
3356,রাধা কৃষ্ণ,0
3357,রানী/কুইন,0
3358,রান্দা,0
3359,রান্না,0
3360,রান্নার হলুদ,0
3361,রাবার (ইরেজার),0
3362,রামদা,0
3363,রাশিয়া,0
3364,রাষ্ট্র বিজ্ঞান,0
3365,রাষ্ট্রপতি,0
3366,রাস্তা,0
3367,রায়,0
3368,রিংটোন,0
3369,রিকশার হুড,0
3370,রিক্সা,0
3371,রিক্সাওয়ালা,0
3372,রিপু করা,0
3373,রিপোর্ট,0
3374,রিমোট কন্ট্রোল,0
3375,রুকু (নামাজের),0
3376,রুটি,0
3377,রুটিন,0
3378,রুপা,0
3379,রুপালী,0
3380,রুমাল,0
3381,রেইনকোট,0
3382,রেজিস্ট্রেশন/নিবন্ধন,0
3383,রেডিও,0
3384,রেনু,0
3385,রেফারী,0
3386,রেলওয়ে স্টেশন,0
3387,রেলগাড়ি,0
3388,রেলপথ,0
3389,রেশম পোকা,0
3390,রেসপন্স,0
3391,রেস্তোরাঁ,0
3392,রোগী,0
3393,রোজা,0
3394,রোদ,0
3395,রোদ পোহানো,0
3396,রোপন,0
3397,রোল নম্বর,0
3398,রোল নাম্বার,0
3399,র‌্যাব,0
3400,র‌্যালি,0
3401,ল,0
3402,লকেট,0
3403,লক্ষ্মীপুর,0
3404,লক্ষ্য/উদ্দেশ্য,0
3405,লগি,0
3406,লগো,0
3407,লজিং,0
3408,লজ্জা,0
3409,লঞ্চ,0
3410,লটারি,0
3411,লড়াই,0
3412,লতা,0
3413,লন্ডন,0
3414,লবঙ্গ,0
3415,লবণ,0
3416,লবন,0
3417,লম্বা,0
3418,ললিপপ,0
3419,লাইটার,0
3420,লাইব্রেরী,0
3421,লাইব্রেরী কার্ড,0
3422,লাইব্রেরী সাইন্স,0
3423,লাইলিন,0
3424,লাউ,0
3425,লাউড স্পিকার,0
3426,লাউশাক,0
3427,লাকড়ি,0
3428,লাচ্ছি,0
3429,লাজুক,0
3430,লাটিম,0
3431,লাঠি,0
3432,লাফ দেওয়া,0
3433,লাবণ্য,0
3434,লাভ,0
3435,লাভা,0
3436,লাল (রং),0
3437,লাল চান্দা মাছ,0
3438,লাল রং,0
3439,লালন-পালন,0
3440,লালনগীতি,0
3441,লালবাগ,0
3442,লালবাগের কেল্লা,0
3443,লালমনিরহাট,0
3444,লালশাক,0
3445,লালা,0
3446,লাশ,0
3447,লিচু,0
3448,লিটার,0
3449,লিপ লাইনার,0
3450,লিপস্টিক,0
3451,লিফট,0
3452,লুকিয়ে রাখা,0
3453,লুকোচুরি,0
3454,লুঙ্গি,0
3455,লুডু,0
3456,লেখক,0
3457,লেখা,0
3458,লেজ,0
3459,লেটার,0
3460,লেপ,0
3461,লেবু,0
3462,লেভেল ক্রসিং,0
3463,লেমিনেটিং,0
3464,লেস,0
3465,লোডশেডিং,0
3466,লোভ,0
3467,লোম,0
3468,লোমহর্ষক,0
3469,লোশন,0
3470,ল্যাপটপ,0
3471,শকুন,0
3472,শক্ত,0
3473,শক্তিশালী,0
3474,শতকরা,0
3475,শতাংশ,0
3476,শত্রু,0
3477,শনিবার,0
3478,শপথ,0
3479,শব-ই-কদর,0
3480,শব্দ,0
3481,শব্দ/আওয়াজ,0
3482,শরবত,0
3483,শরিয়তপুর,0
3484,শরীর/মানবদেহ,0
3485,শর্ত,0
3486,শরৎকাল,0
3487,শশা,0
3488,শহর,0
3489,শহীদ,0
3490,শহীদ মিনার,0
3491,শাঁখা,0
3492,শাওয়ার,0
3493,শাক,0
3494,শাক-সব্জি,0
3495,শাখা/সেকশন,0
3496,শাড়ির আঁচল,0
3497,শাড়ির পাড়,0
3498,শাড়ির ফলস,0
3499,শাড়ী,0
3500,শান্ত,0
3501,শান্তি,0
3502,শান্তি দিবস,0
3503,শান্তিনগর,0
3504,শাপলা ফুল,0
3505,শামুক,0
3506,শার্ট,0
3507,শার্পনার,0
3508,শাল,0
3509,শালিকা,0
3510,শাশুড়ি,0
3511,শাসন,0
3512,শাস্তি,0
3513,শিংমাছ,0
3514,শিউলি ফুল,0
3515,শিকড়,0
3516,শিক্ষক,0
3517,শিক্ষা,0
3518,শিক্ষিত,0
3519,শিম,0
3520,শিমুল ফুল,0
3521,শিম্পাঞ্জি,0
3522,শিয়াল,0
3523,শিরা,0
3524,শিরীষ করা,0
3525,শিরোনাম,0
3526,শিল,0
3527,শিশু,0
3528,শিশু দিবস,0
3529,শিশু পার্ক,0
3530,শিশুপার্ক,0
3531,শিশুশ্রম,0
3532,শিষ্য,0
3533,শীত,0
3534,শীত লাগা,0
3535,শীতকাল,0
3536,শীতমেলা,0
3537,শীতল পাটি,0
3538,শীর্ষ,0
3539,শুঁটকি মাছ,0
3540,শুকর,0
3541,শুক্রবার,0
3542,শুধুমাত্র,0
3543,শুনা,0
3544,শুনা/শ্রবণ,0
3545,শুভাকাংখি,0
3546,শুভেচ্ছা,0
3547,শুভেচ্ছা কার্ড,0
3548,শুরু করা,0
3549,শুষ্কতা,0
3550,শেওলা,0
3551,শেখা,0
3552,শেভিং ফোম,0
3553,শেরওয়ানী,0
3554,শেরপুর,0
3555,শেষ,0
3556,শৈত্যপ্রবাহ,0
3557,শোক দিবস,0
3558,শোক সভা,0
3559,শোকসভা,0
3560,শোকাহত,0
3561,শোল মাছ,0
3562,শোষণ,0
3563,শোয়া,0
3564,শ্বশুর,0
3565,শ্বাস,0
3566,শ্মশান,0
3567,শ্যামলা,0
3568,শ্যাম্পু,0
3569,শ্যালক,0
3570,শ্রদ্ধা করা,0
3571,শ্রবণ প্রতিবন্ধী,0
3572,শ্রম দিবস,0
3573,শ্রমিক,0
3574,শ্রাদ্ধ করা,0
3575,শ্রাবণ,0
3576,শ্রাবণ যন্ত্র,0
3577,শ্রীলংকা,0
3578,শ্রেণীকক্ষ,0
3579,ষাঁড়,0
3580,ষোল,0
3581,স,0
3582,সংকল্প,0
3583,সংকোচন,0
3584,সংক্রামক,0
3585,সংক্ষেপ,0
3586,সংখ্যা,0
3587,সংঘর্ষ,0
3588,সংবাদপত্র,0
3589,সংবিধান,0
3590,সংযুক্ত,0
3591,সংরক্ষণ,0
3592,সংলগ্ন,0
3593,সংসদ ভবন,0
3594,সংস্থা,0
3595,সকাল,0
3596,সকেট,0
3597,সঙ্গী,0
3598,সচেতনতা,0
3599,সজনে,0
3600,সজারু,0
3601,সড়ক দুর্ঘটনা,0
3602,সতীন,0
3603,সতের,0
3604,সত্য,0
3605,সন/চিমটা,0
3606,সনদপত্র,0
3607,সনাক্তকরণ,0
3608,সন্তান,0
3609,সন্তুষ্টি,0
3610,সন্ত্রাস,0
3611,সন্দেশ,0
3612,সন্দেহ,0
3613,সন্ধ্যা,0
3614,সব সময়,0
3615,সবচেয়ে,0
3616,সবল,0
3617,সবসময়,0
3618,সবাই,0
3619,সবুজ (রং),0
3620,সবেদা,0
3621,সভা/বৈঠক,0
3622,সভ্য,0
3623,সমগ্র,0
3624,সমবয়সী,0
3625,সমভূমি,0
3626,সময়,0
3627,সমর্থন,0
3628,সমস্যা,0
3629,সমাজ,0
3630,সমাজ কল্যাণ,0
3631,সমাজসেবক,0
3632,সমাদর,0
3633,সমাধান,0
3634,সমান,0
3635,সমাবর্তন,0
3636,সমাবেশ,0
3637,সমালোচনা,0
3638,সমাহিত,0
3639,সমিতি,0
3640,সমুচা,0
3641,সমুদ্র,0
3642,সমুদ্র সৈকত,0
3643,সম্পত্তি,0
3644,সম্পর্ক,0
3645,সম্পূর্ণ,0
3646,সম্প্রতি,0
3647,সম্বন্ধী,0
3648,সম্বন্ধে,0
3649,সম্বর্ধনা,0
3650,সম্ভব,0
3651,সম্মান (অনার্স),0
3652,সম্মানী,0
3653,সম্মেলন,0
3654,সময়ানুবর্তিতা,0
3655,সয়াবিন তেল,0
3656,সরকারী,0
3657,সরলরেখা,0
3658,সরস্বতী পূজা,0
3659,সরাইখানা,0
3660,সরানো,0
3661,সরিষা,0
3662,সরিষার তেল,0
3663,সর্তা,0
3664,সর্দি,0
3665,সর্বশেষ,0
3666,সর্বোচ্চ,0
3667,সশস্ত্র বাহিনী দিবস,0
3668,সস,0
3669,সসপেন,0
3670,সস্তা,0
3671,সহকর্মী,0
3672,সহজ,0
3673,সহজলভ্য,0
3674,সহপাঠী,0
3675,সহানুভূতি,0
3676,সহায়ক উপকরণ,0
3677,সহিস/ঘোড়সওয়ার,0
3678,সহ্য,0
3679,সাঁকো,0
3680,সাঁটানো,0
3681,সাঁতার,0
3682,সাংবাদিক,0
3683,সাংসদ/এমপি,0
3684,সাংস্কৃতিক,0
3685,সাইকেল,0
3686,সাইনবোর্ড,0
3687,সাউন্ড সিস্টেম,0
3688,সাক্ষরতা দিবস,0
3689,সাক্ষাৎ,0
3690,সাক্ষাৎ দেওয়া,0
3691,সাক্ষাৎকার,0
3692,সাগু,0
3693,সাজানো,0
3694,সাত,0
3695,সাতকরা,0
3696,সাতক্ষীরা,0
3697,সাথে,0
3698,সাদা (রং),0
3699,সাদা ছড়ি,0
3700,সাধারণ,0
3701,সানগ্লাস,0
3702,সান্তনা,0
3703,সাপ,0
3704,সাপুড়ে,0
3705,সাফল্য,0
3706,সাবধান,0
3707,সাবধানে,0
3708,সাবান,0
3709,সাবানের কেস,0
3710,সাভার,0
3711,সামনে,0
3712,সামিয়ানা,0
3713,সার,0
3714,সার্কাস,0
3715,সালোয়ার,0
3716,সাহস,0
3717,সাহায্য,0
3718,সাহায্য করা,0
3719,সিঁড়ি,0
3720,সিঁদুর,0
3721,সিংহ,0
3722,সিংহাসন,0
3723,সিএনজি,0
3724,সিগারেট,0
3725,সিঙ্গাপুর,0
3726,সিঙ্গারা,0
3727,সিডি,0
3728,সিদ্ধ,0
3729,সিদ্ধান্ত,0
3730,সিনেমা,0
3731,সিনেমা হল,0
3732,সিন্দুক,0
3733,সিমকার্ড,0
3734,সিমেন্ট,0
3735,সিরাজগঞ্জ,0
3736,সিলিং,0
3737,সিলেট,0
3738,সিলেট বিভাগ,0
3739,সীমানা,0
3740,সীমিত,0
3741,সুই,0
3742,সুইচ,0
3743,সুইজারল্যান্ড,0
3744,সুইডেন,0
3745,সুখ,0
3746,সুচাঁলো,0
3747,সুজি,0
3748,সুটিং,0
3749,সুড়সুড়ি,0
3750,সুতা,0
3751,সুতারগুটি,0
3752,সুদ,0
3753,সুনামগঞ্জ,0
3754,সুন্নত,0
3755,সুপারি,0
3756,সুপ্রভাত,0
3757,সুপ্রিম,0
3758,সুফল,0
3759,সুবর্ণ জয়ন্তী,0
3760,সুবিধা,0
3761,সুযোগ,0
3762,সুর তাল,0
3763,সুরকি,0
3764,সুরঙ্গপথ,0
3765,সুরমা,0
3766,সুলভ,0
3767,সুস্থ,0
3768,সূর্য,0
3769,সূর্যগ্রহণ,0
3770,সূর্যমুখী ফুল,0
3771,সূর্যাস্ত,0
3772,সূর্যোদয়,0
3773,সে,0
3774,সেকেন্ড,0
3775,সেচ,0
3776,সেজদা (নামাজের),0
3777,সেতার,0
3778,সেনানিবাস,0
3779,সেনাপতি,0
3780,সেনাবাহিনী,0
3781,সেন্টিমিটার,0
3782,সেপ্টেম্বর,0
3783,সেফটিপিন,0
3784,সেবা করা,0
3785,সেমাই,0
3786,সেমিজ,0
3787,সেরা/শ্রেষ্ঠ,0
3788,সেলাই,0
3789,সেলাই মেশিন,0
3790,সেহরী,0
3791,সৈনিক,0
3792,সোজা,0
3793,সোজা চুল,0
3794,সোনার গহনা,0
3795,সোনারগাঁ,0
3796,সোনালী,0
3797,সোফা,0
3798,সোমবার,0
3799,সোয়েটার,0
3800,সৌদি আরব,0
3801,সৌভাগ্য,0
3802,স্কলারশীপ,0
3803,স্কার্ফ,0
3804,স্কুটার,0
3805,স্কুল,0
3806,স্কেল,0
3807,স্ক্যানার,0
3808,স্ক্রু,0
3809,স্ক্র্যাচ,0
3810,স্টিকার,0
3811,স্টিমার,0
3812,স্টীল,0
3813,স্টুয়ার্ড,0
3814,স্টেডিয়াম,0
3815,স্টেথিস্কোপ,0
3816,স্টেবিলাইজার,0
3817,স্ট্যাপলার,0
3818,স্ট্যাম্প,0
3819,স্ট্রোক,0
3820,স্তর,0
3821,স্তুপ,0
3822,স্ত্রী,0
3823,স্থগিত,0
3824,স্থান,0
3825,স্থাপন,0
3826,স্থায়ী,0
3827,স্নাতক/গ্রাজুয়েশন,0
3828,স্নাতকোত্তর,0
3829,স্নাতকোত্তর (মাস্টার্স),0
3830,স্পঞ্জ মিষ্টি,0
3831,স্পিচ থেরাপি,0
3832,স্পিচ থেরাপিস্ট,0
3833,স্পিড ব্রেকার,0
3834,স্পিডবোর্ড,0
3835,স্পেন,0
3836,স্প্রিং,0
3837,স্ফুলিঙ্গ,0
3838,স্বচ্ছ,0
3839,স্বচ্ছল,0
3840,স্বপ্ন,0
3841,স্বভাব,0
3842,স্বরবর্ণ,0
3843,স্বর্ণ/সোনা,0
3844,স্বর্ণকার,0
3845,স্বাক্ষর,0
3846,স্বাক্ষরতা,0
3847,স্বাচ্ছন্দ্য,0
3848,স্বাদ,0
3849,স্বাধীন,0
3850,স্বাধীনতা দিবস,0
3851,স্বামী,0
3852,স্বার্থ,0
3853,স্বাস্থ্য,0
3854,স্বাস্থ্য দিবস,0
3855,স্বাস্থ্যকর,0
3856,স্বাস্থ্যকেন্দ্র,0
3857,স্বীকার করা,0
3858,স্বীকৃতি,0
3859,স্বেচ্ছাশ্রম,0
3860,স্বেচ্ছাসেবী,0
3861,স্মার্ট,0
3862,স্মৃতি,0
3863,স্যান্ডউইচ মেকার,0
3864,স্যান্ডেল,0
3865,স্যাভলন,0
3866,স্যার,0
3867,স্যুটকেস,0
3868,স্যুপ,0
3869,স্রোত,0
3870,স্লোগান,0
3871,সৎ,0
3872,সৎ বোন,0
3873,সৎ ভাই,0
3874,সৎবাবা,0
3875,সৎমা,0
3876,হ,0
3877,হংকং,0
3878,হকি,0
3879,হজ্জ,0
3880,হঠাৎ,0
3881,হনুমান,0
3882,হবিগঞ্জ,0
3883,হরতাল,0
3884,হরিণ,0
3885,হর্ণ,0
3886,হলুদ (রং),0
3887,হল্যান্ড,0
3888,হস্তশিল্প মেলা,0
3889,হস্তান্তর,0
3890,হাঁচি,0
3891,হাঁটা,0
3892,হাঁটু,0
3893,হাঁপানী রোগ,0
3894,হাঁপানো,0
3895,হাঁস,0
3896,হাঁড়,0
3897,হাঁড়ি,0
3898,হাইকোর্ট,0
3899,হাট,0
3900,হাডুডু,0
3901,হাত,0
3902,হাততালি,0
3903,হাততালি দেয়া,0
3904,হাতপাখা,0
3905,হাতি,0
3906,হাতিশাল,0
3907,হাতুড়ি,0
3908,হাতের তালু,0
3909,হাতের সেমাই,0
3910,হাফপ্যান্ট,0
3911,হাবুডুবু,0
3912,হামাগুড়ি,0
3913,হামানদিস্তা,0
3914,হার,0
3915,হারমোনিয়াম,0
3916,হারিক্যান,0
3917,হারিয়ে যাওয়া,0
3918,হালকা রং,0
3919,হালুয়া,0
3920,হাসপাতাল,0
3921,হাসা,0
3922,হায়,0
3923,হিংসা,0
3924,হিংস্র,0
3925,হিজড়া,0
3926,হিটার,0
3927,হিন্দী,0
3928,হিন্দু ধর্ম/সনাতন,0
3929,হিমবাহ,0
3930,হিমশিম,0
3931,হিসাবরক্ষক,0
3932,হীরক জয়ন্তী,0
3933,হুকুম,0
3934,হুক্কা,0
3935,হুল ফুটানো,0
3936,হৃদপিণ্ড,0
3937,হৃদরোগ,0
3938,হেডফোন,0
3939,হেম সেলাই,0
3940,হেমন্তকাল,0
3941,হেরোইন,0
3942,হেলমেট,0
3943,হেলিকপ্টার,0
3944,হোমিওপ্যাথ,0
3945,হোলি খেলা,0
3946,হোল্ডার,0
3947,হ্যাঁ,0
3948,হ্যাঙ্গার,0
3949,ড়,0
3950,য়,0
