,column2
0,চিৎকার করা
2,ঘোষণা
3,ছিটানো
5,মত
6,আপনারা/তোমরা
8,আপনি/তুমি
10,আবার
11,আমরা
12,হস্তান্তর
14,অন্য
15,কী
16,কিন্তু
17,কোথায়
18,কোনটা
19,উপরে
20,এখন
21,দুঃখিত
22,ধৈর্য ধরা
24,নাও/দাও
26,পছন্দ করা
28,জমা করা
30,পরে
31,তাকাও
32,তাড়াতাড়ি
33,সাহায্য
34,সাথে
35,শুরু করা
37,শেষ
38,সব সময়
40,জানা
41,ভয়
42,মনে রাখা
44,উভয়
45,একই রকম
47,একত্রে
48,পেপার
49,এপার
50,নিজে
51,ব্যাকরন
52,বেড়ানো
53,বানান করা
55,কাছে
56,অসুবিধা
57,সুবিধা
58,তখন
59,খোঁজ করা
61,ঘৃণা করা
63,পরিশোধ করা
65,পরিশ্রম
66,একমত
67,কীটনাশক
68,অনাহার
69,নিশ্চয়
70,ড্রেন
71,সাধারণ
72,বয়স কত
74,বাইরে
76,দামী
77,পরিষ্কার
78,কঠিন
79,শক্ত
80,বাছাই করা
82,পরিচয়
83,আঠা
84,নাগরিক
85,নতুন
86,নকল
87,প্রধান
88,লাইব্রেরী
89,শিশু
90,ফুপু
91,ফুপুা
92,চাচা
93,যাও (নির্দেশ)
95,যাও (অনুরোধ)
97,বস
98,দাঁড়ানো
99,খাবার
100,পানি/জল
102,আসসালামুয়ালাইকুম
105,খোদা হাফেজ
106,ভাত
107,বিস্কুট
108,চকলেট
109,বল
110,আপনি/তুমি
112,বিছানা
113,চেয়ার
114,টেবিল
115,বাথরুম
116,কী
120,কোথায়
121,তাকাও
122,গল্প
123,হাসা
124,মাছ
125,গোস্ত/মাংস
127,কেক
128,চিনি
129,চা
130,আইসক্রিম
131,জানালা
133,গাছ
134,দুষ্টু
135,আলো
137,বাটি
139,এবং
140,ফুল
141,বই
142,চামচ
143,গরম
144,ঠান্ডা
145,পাখি
146,কাপ
147,গ্যাস
150,দয়া করে
152,আমরা
153,চুল
154,মাথা
155,ঈদ
156,ভুল
157,ঠেলাগাড়ী 
158,বেবি ট্যাক্সি
160,আপেল
161,কমলা
162,দৌড়ানো
165,লাফ দেওয়া
167,উপরে
168,বেশি
169,রেলগাড়ি
170,মোটর সাইকেল
171,হাঁটা
172,বড়
173,বিড়াল
174,বাঘ
175,যাদু
176,আবার
177,বিদ্যালয়/স্কুল
179,মহাশয়/স্যার
181,শিক্ষক
182,বাইরে
183,ঝুঁড়ি
184,কাটা
185,গান
186,চিন্তা
187,আপা/ম্যাডাম
189,নাম
190,কলম
191,কাজ
192,বাক্স
193,আলনা
194,ভুল
195,খেলা করা
197,ভাঙ্গা
198,প্যান্ট
199,জুতা
200,মোজা
202,দোকানদার
203,রিক্সাওয়ালা
204,শক্ত
205,রাগ
206,রাস্তা
207,সূর্য
208,দুঃখিত
209,রাখা
210,বাজারসদাই
212,বাগান
213,নার্স
214,হাসপাতাল
215,ভুলে যাওয়া
217,ডাকপিয়ন
219,টাকা
220,টিকেট
221,চালাক
222,ধৈর্য ধরা
224,আগুন
227,চিঠির বাক্স
229,থামানো
230,সাহায্য করা
232,ঝগড়া করা
234,কঠিন
235,কী ব্যাপার
237,পকেট
238,চুড়ি
240,ঔষধ
241,মশারী
242,মশা
243,ঝাল
244,বন্ধু
245,শেষ
246,আমাদের
247,তাদের
248,কালো রং
250,দয়ালু
251,শহর
253,পিকনিক স্পট
255,গ্রাম
256,সমুদ্র
258,রং
259,লাল রং
261,নিয়ে আসা
263,শুনা/শ্রবণ
266,করতে পারবে
268,বেড়ে উঠা
270,ব্যাগ
271,মোমবাতি
272,আরো
273,শোয়া
275,মজা (সুস্বাদু)
277,এখন
278,আজ
279,জমা করা
281,বাতাস
282,বজ্রপাত
284,বিজলী চমকানো
286,ঝড়
287,কিছু
288,গতকাল
289,অনেক দিন আগে
291,রাত
292,সত্য
293,চেষ্টা
294,অফিস
295,তারা
296,বেতন
297,কোনটা
298,কীভাবে
299,অনেকগুলো
300,ঘূর্ণিঝড়
301,কাক
302,পিঁপড়া
303,শার্ট
304,শুক্রবার
305,শনিবার
306,রবিবার
307,সোমবার
308,জিতে যাওয়া
310,খুঁজে পাওয়া
312,পছন্দ করা
314,বুঝতে পারা
316,গান বাজনা
317,দাওয়াত
318,উপহার
319,রেডিও
320,এক
321,দুই
322,তিন
323,চার
324,নয়
325,দশ
326,এগার
327,বারো
328,সতের
329,আঠারো
330,উনিশ
331,বিশ
332,একবার
333,দুইবার
334,দেড়
335,আড়াই
336,ফিডার
337,দাঁত
338,চুমু
339,লজ্জা
340,দোয়েল
341,কাঁচা
342,পাকা
343,মজা/আমোদ
345,স্ত্রী
346,বউ
347,দুলাভাই
348,ভাবী
349,বাড়িওয়ালা
352,অপ্রিয়
353,প্রিয়
354,প্রেমিক
355,ভাড়াটে
356,মালিক
357,তেঁতুল
358,খেঁজুর
359,জলপাই
360,ডালিম
361,আতা
362,ফল
363,বাঁধাকপি
364,লাউ
365,শশা
366,টমেটো
367,পিঁয়াজ
369,রসুন
370,রান্নার হলুদ
372,আদা
373,কাবাব
374,চানাচুর
375,সিঙ্গারা
376,চটপটি
377,শরবত
378,মদ
379,মধু
380,মিষ্টি (স্বাদ)
382,পাঞ্জাবী
383,পায়জামা
384,টাই
386,লুঙ্গি
387,ওড়না
388,ফিতা
389,বোরখা
391,শাল
392,বোতাম
393,বেল্ট
394,আংটি
395,স্বর্ণ/সোনা
397,আলমিরা
398,ড্রেসিং টেবিল
400,বুকসেলফ
402,সোফা
403,ভিসিআর
404,সুইচ
405,এসি/এয়ার কুলার
408,গালিচা/কার্পেট
410,রুমাল
411,পর্দা
412,বস্তা
414,চুলা
415,ঝাড়ু
416,কেটলি
417,ফুলদানী
418,ক্যালেন্ডার
419,স্যুটকেস
420,ব্রিফকেস
421,ঘর/কক্ষ
423,বারান্দা
424,ইট
425,সিমেন্ট
426,বালু
427,টর্চলাইট
429,সর্দি
430,কাশি
431,যক্ষা
432,ম্যালেরিয়া
433,এইডস
434,জন্ডিস
435,বাত
436,হৃদরোগ
438,অস্বস্তি
439,দুর্বল
440,চিকিৎসা
441,হোমিওপ্যাথ
443,ব্যান্ডেজ
444,তুলা
445,স্টেথিস্কোপ
446,এক্সরে
447,মলম
448,স্যাভলন
449,ভিটামিন
450,কৃমি
451,প্রাথমিক বিদ্যালয়
453,মাধ্যমিক বিদ্যালয়
455,উচ্চ মাধ্যমিক
457,স্নাতক/গ্রাজুয়েশন
459,সনদপত্র
460,প্রশংসাপত্র
462,শিক্ষিত
463,নিরক্ষর
464,উত্তর/জবাব
466,ভর্তি
467,ফরম
468,বহিষ্কার
469,ছুটি
470,বিরতি
471,নোটিশ
472,খাতা
473,ডাস্টার
474,রুটিন
475,বেত
477,চিঠি
478,ভাষা
479,মাতৃভাষা
480,ডায়েরী
481,মুখস্ত
482,আল্লাহ
483,ভগবান
484,ঈশ্বর
485,কুরআন
486,মুসলিম
487,যীশু
488,গৌতম বুদ্ধ
490,পীর
491,ইফতার
492,ওজু
493,জায়নামাজ
494,তসবিহ
495,তাবিজ
496,বড়দিন
497,পূজা
498,সিঁদুর
499,প্রতিবন্ধী
500,দৃষ্টি প্রতিবন্ধী
502,শ্রবণ প্রতিবন্ধী
504,শ্রাবণ যন্ত্র
506,হিজড়া
507,সহায়ক উপকরণ
509,দর্শক
510,খেলোয়ার
511,গ্যালারী
512,খেলার মাঠ
514,গোলপোস্ট
515,নেট
516,দাবা
517,ব্যাডমিন্টন
518,লুডু
519,ব্যায়াম
520,নৌকাবাইচ
522,অলিম্পিক গেমস
524,ক্যারাম
525,তাস খেলা
527,দমকল বাহিনী
529,চাকা
530,আসন (সীট)
532,সড়ক দুর্ঘটনা
534,হর্ণ
535,কাউণ্টার
536,বাস স্টপেজ
538,চালু করা
540,সাঁকো
541,ওভারব্রীজ
543,আন্ডারপাস
544,টেক্সি
545,সমাজ
546,সমাবেশ
547,প্রতিবাদ
548,হরতাল
549,আলোচনা
552,খৎনা
553,মিলাদ
554,ওয়াজ
555,যাত্রা
556,সার্কাস
557,নির্বাচন
558,ভোট
559,মহররম
560,সম্বর্ধনা
561,সভা/বৈঠক
563,জাতীয় সঙ্গীত
565,কৌতুক
566,যৌতুক
567,সাক্ষাৎকার
568,ব্যবসা
569,ক্রেতা
570,বিক্রেতা
571,আয়
572,আয়
573,ব্যয়
574,ব্যাংক
575,বীমা
576,সম্পত্তি
577,ওজন
578,দারোয়ান
579,সরকারী
580,বেসরকারী
581,কামার
582,মুচি
583,উকিল
584,বিচারপতি
586,ধোপা
587,গায়িকা
588,অভিনেতা
589,অভিনেত্রী
590,কৃষক
591,মেম্বার
592,ধাত্রী
593,কসাই
594,চাকুরী
595,ট্রাফিক পুলিশ
597,চাকুরীজীবী
598,বৈমানিক/পাইলট
600,সাংসদ/এমপি
602,ট্যালকম পাউডার
604,পারফিউম
605,আতর
606,ক্রিম
607,আলতা
608,টিপ
612,কাজল
613,ব্লেড
615,অসভ্য
616,সভ্য
617,অলস
618,শান্ত
619,সন্দেহ
620,হিংসা
621,অসৎ মানুষ
623,সাহস
624,গরীব
625,মেধাবী
626,ভালোবাসা
627,পাসপোর্ট
628,জাতিসংঘ
629,আফ্রিকা
630,এশিয়া
631,ইউরোপ
632,ভুটান
633,মালদ্বীপ
634,জাপান
635,চীন
636,অস্ট্রেলিয়া
637,রাশিয়া
638,ঝর্ণা
639,দ্বীপ
640,ত্রান
641,দুর্গন্ধ
642,স্রোত
643,পার্ক
644,আবর্জনা
645,মহাদেশ
646,বিদেশ
647,ক্ষেত
649,বন
650,বাঁধ
651,মরুভূমি
652,উত্তর/নর্থ
654,দক্ষিণ
655,জেলা
656,ঢাকা
657,শহীদ মিনার
662,বিশ্ববিদ্যালয়
663,ক্লিনিক
664,থানা
665,জেলখানা
666,ডাকঘর
667,কাজি অফিস
669,জাতীয় স্মৃতিসৌধ
671,কমিউনিটি সেন্টার
673,শিয়াল
674,হাতি
675,বানর
676,খরগোশ
677,ব্যাঙ
678,তেলাপোকা
679,টিকটিকি
680,চিংড়ি
681,মাছি
682,ইলিশ মাছ
685,বিজ্ঞানী
686,গবেষক
687,জেনারেটর
688,ক্যালকুলেটর
689,রিমোট কন্ট্রোল
691,চার্জার
692,যোগাযোগ
693,সংবাদপত্র
694,ইমেইল
695,জানুয়ারি
696,ফেব্রুয়ারি
697,মার্চ
698,এপ্রিল
699,সেপ্টেম্বর
700,অক্টোবর
701,নভেম্বর
702,ডিসেম্বর
703,শীতকাল
704,বসন্তকাল
705,মাস
706,ঋতু
707,ভাদ্র
708,আশ্বিন
709,কার্তিক
710,অগ্রহায়ন
711,প্রতিদিন
712,সবসময়
714,অমাবস্যা
715,পূর্ণিমা
716,শরীর/মানবদেহ
719,মস্তিষ্ক
720,গোঁফ
721,দাঁড়ি
722,টেকো
723,আইন
724,বিচার
725,গ্রেফতার
726,ডাকাত
727,ছিনতাইকারী
728,পকেটমার
729,আহত
730,জরিমানা
731,খুন
732,দখল
733,জুয়া
734,অক্ষর
735,অক্সিজেন
736,পৃষ্ঠা
737,শাস্তি
738,হিন্দী
739,আরবী
740,ফরাসী
741,চাইনিজ
742,বিজ্ঞান (বিষয়)
744,বিজ্ঞান (বিভাগ)
746,মানবিক (বিভাগ)
748,বাণিজ্য (বিভাগ)
750,ভাগ
751,ভাংতি
752,ব্যাকরন
753,অতীত
754,নিজে
755,সে
756,একই রকম
758,একত্রে
759,ওপার
760,হঠাৎ
761,উভয়
762,নিষেধ করা
764,অনুসরণ করা
766,কল্পনা করা
768,শ্রদ্ধা করা
770,ঘৃণা করা
772,প্রতিশোধ
773,তৃপ্তি
774,প্রতিরোধ
775,অবরোধ
776,ধার করা
778,চাওয়া
779,পাওয়া
780,মারা
781,অপহরণ
782,প্রচার
783,প্রকাশ
784,পরিদর্শন
785,কাঁপাকাঁপি
786,বেড়ানো
787,মনে পড়া
789,অর্জন করা
791,অনুশীলন
792,পরিশ্রম
793,কষ্ট
794,ফেলে দেয়া
796,হায়
797,তবুও
798,যদি
799,ছি
800,ব্যস্ত
801,দিয়ে
802,থেকে
803,কুঁড়েঘর
804,অ্যাপার্টমেন্ট
805,রাষ্ট্রপতি
806,মন্ত্রী
807,গর্ভাবস্থা
808,সচেতনতা
809,বাঁকা
811,সোজা
812,লাইব্রেরী
813,উজ্জল
814,কিস্তি
815,লাশ
,কিস্তি
816,বাহক
817,এনজিও
819,বিক্ষোভ
820,ক্ষোভ
821,বেড়ার ঘর
823,নকল
824,উন্নতি
825,অবনতি
826,সুযোগ
827,বিভাগ
828,ধর্ষণ
829,শ্যালক
830,শালিকা
831,পুত্র
832,কন্যা
833,মামাতো ভাই/বোন
837,শ্বশুর
838,শাশুড়ি
839,তাওই
840,সম্বন্ধে
841,সম্বন্ধী
842,বড় আব্বা
844,বড় আম্মা
846,নাতি
847,জ্বা
848,বন্ধু/বান্ধবী
850,শুভাকাংখি
851,দাতা
852,শিষ্য
854,পরকীয়া
855,মেহমান
856,জমজ
857,জারজ
858,সম্পর্ক
859,বিরিয়ানী
860,খিচুরি
861,কোপ্তা
862,নাড়ু
863,কোরমা
864,বেল
865,জামরুল
866,পানিফল
867,আমলকি
868,আমড়া
869,সবেদা
870,জিরা
871,ধনিয়া
872,রসমালাই
873,সজনে
874,কালিজিরা
875,তেজপাতা
876,পাঁচফোড়ন
877,লাউশাক
879,দারুচিনি
880,এলাচি
881,লবঙ্গ
882,শিম
883,মুলা
884,মটরশুঁটি
885,বরবটি
886,পায়েস
887,সেমাই
888,হালুয়া
889,স্যুপ
890,ডালডা
891,আখের গুড়
894,খেজুর গুড়
896,তালের গুড়
898,কাজুবাদাম
902,পেস্তাবাদাম
903,কাঠবাদাম
904,দুধলাউ
906,সমুচা
908,পেটিস
909,বড়া
910,ভর্তা
911,পিয়াজু
912,বেগুনি
913,বুট ভাজা
915,ললিপপ
916,সুজি
918,মোয়া
919,পুলি পিঠা
921,পাটিসাপটা পিঠা
924,চিচিঙ্গা
925,দুধের ছানা
927,তামাক
928,আখ
929,তালের শাঁস
931,তালের খোয়া
933,তাড়ি
935,নাস্তা
936,ধুতি
937,জ্যাকেট
938,জার্সি
939,রেইনকোট
940,সেমিজ
941,সালোয়ার
942,কামিজ
943,স্কার্ফ
945,নাগড়া
946,খরম
947,জিন্স
948,ঘাগড়া
949,সানগ্লাস
950,কন্টাক্ট লেন্স
952,টিকলি
953,নোলক
954,বাজু বন্ধ
955,টেবিল ল্যাম্প
957,ছাকনি
958,সসপেন
959,ব্লেন্ডার মেশিন
961,টোস্টার
962,টব
963,কমোড
964,টপ
965,হ্যাঙ্গার
966,এ্যাকুরিয়াম
967,এ্যাসট্রে
968,তার/ক্যাবল
970,দড়ি/রশি
972,গ্রিল
973,ট্যাংকি
974,কার্ণিশ
975,দিয়াশলাই
976,দা
977,বটি
978,চাকু
979,এরোসল
980,কয়েল
981,জুতার তাক
984,ক্যাবিনেট
985,ডিপ ফ্রিজ
987,বাঁশ
989,চুন
990,বোতল
991,সেলাই মেশিন
993,বৈঠকখানা
994,গোয়ালঘর
996,মই
997,সিন্দুক
998,গুহা
999,গামলা
1000,ফোল্ডার
1001,পাঞ্চ মেশিন
1003,ফাইল
1004,কোলবালিশ
1005,দোলনা
1006,ছড়ি
1007,হামানদিস্তা
1008,হাতুড়ি
1009,শাওয়ার
1010,পেপার ওয়েট
1012,খুন্তি
1013,টয়লেট ক্লিনার
1015,ব্লিচিং পাউডার
1017,টিফিন ক্যারিয়ার
1019,ড্রাম/পাত্র
1021,আলকাতরা
1023,প্লাগ
1024,লাইটার
1025,বেলুনি
1026,ফটোফ্রেম
1028,কাস্তে
1029,সাবানের কেস
1031,গ্লাস
1033,ছিকা
1034,ডাল ঘুটনি
1036,কব্জা
1037,ক্ষুর
1038,খাঁচা
1039,খাঁচা
1040,স্প্রিং
1041,হিটার
1042,খাসকামরা
1044,নীড়
1045,চৌবাচ্চা
1046,তলোয়ার/তরবারি
1048,তোরণ
1049,তুষ
1050,কুড়া
1051,পোলো
1052,মাছের চাই
1054,মাটির চুলা
1056,মটকা
1057,মাতাল/পাতলা
1059,ইজেল
1060,রংতুলি
1062,রংপ্লেট
1064,টোস্টার
1065,ঝুলনি
1066,জলচৌকি
1067,নামাজের চৌকি
1069,তারপিন তেল
1072,ধূপ
1073,কেলা
1074,অজ্ঞান
1075,উন্মাদ
1076,কবিরাজ
1077,কোষ্ঠকাঠিন্য
1078,ক্ষত
1079,বিষাক্ত
1080,আয়োডিন
1081,খুশকি
1082,রাতকানা
1083,ও লেভেল
1085,এ লেভেল
1087,লেটার
1088,প্রথম পত্র/দ্বিতীয় পত্র
1092,বয়স্ক শিক্ষা
1094,ক্যাম্পাস
1095,নোট
1096,পরীক্ষার্থী
1097,পাপ
1098,অভিশাপ
1099,আগরবাতি
1100,তওবা
1101,গোরস্থান
1102,জিহাদ
1103,ঝাড়ফুঁক
1104,প্রসাদ
1105,টানাটানি
1106,ডিগবাজি
1107,তীর-ধনুক
1109,গাঙ্গুলী
1110,ডাঙ্গুলি
1111,জঙ্গিবিমান
1113,ড্রেন
1114,ভেলা
1115,নোঙ্গর
1116,কাঁচা রাস্তা
1118,খেয়াঘাট
1119,ঘোড়ার গাড়ি
1121,গরুর গাড়ি
1123,গুনটানা
1124,মোড়
1125,গোলচক্কর
1126,নাগরদোলা
1127,শোকসভা
1128,সুপ্রভাত
1129,র‌্যালি
1130,আপ্যায়ন
1131,বাগদান
1132,বরযাত্রী যাত্রী
1134,পুতুলনাচ
1136,সামিয়ানা
1137,মূল্যছাড়
1138,অগ্রীম
1139,নগদ
1140,দাঁড়িপাল্লা
1141,অভিনয়
1142,উপস্থাপক
1143,ক্রীতদাস
1144,গোয়েন্দা
1145,জীবিকা
1146,জ্যোতিষী
1147,ডুবুরী
1148,পতিতা
1149,রাজমিস্ত্রি
1150,পাহারাদার
1151,মুক্তিযোদ্ধা
1152,ইলেকট্রিশিয়ান
1153,জহুরী
1154,সাপুড়ে
1155,মাসকারা
1156,ফেস পাউডার
1158,কাজলদানি
1159,সুরমা
1160,কসমেটিক
1161,উপভোগ
1162,চরিত্র
1163,কথাবার্তা
1164,বদমাইশ
1165,বেঈমান
1166,বেয়াদব
1167,অত্যাচার
1168,ইচ্ছা করা
1170,আত্মহত্যা
1173,পিছু হটা
1175,অধঃপতন
1176,অনিচ্ছা
1177,অন্তরঙ্গ
1178,আত্মবিশ্বাস
1179,উদাসীন
1180,উলঙ্গ
1181,একা
1182,গোমড়া
1183,ঘাবড়ানো
1184,চমকানো
1185,চুমুক
1187,জ্বালাতন
1188,জেদ
1189,জ্বালা
1190,জ্ঞানী
1191,নাস্তিক
1192,আস্তিক
1193,নিঃসন্তান
1194,নিরুৎসাহ
1195,মিতব্যায়ী
1199,সহ্য
1200,স্বার্থ
1201,সান্তনা
1202,তৃপ্তি
1203,ঠাট্টা
1204,ঠোঁটকাটা/স্পষ্টভাষী
1207,মায়া
1208,পরনির্ভরশীল
1209,অগ্নিশিখা
1210,আগাছা
1211,কয়লা
1212,গাছের গুড়ি
1214,মানুষের ছায়া
1216,জড়
1218,ঝিনুক
1219,থােকা
1220,ধুলা
1221,ব্যাঙাচি
1222,মুক্তা
1223,ধান
1225,বাশঁঝাড়
1229,পাট
1230,শাপলা ফুল
1232,ভাটা
1233,চোরাবালি
1234,আগ্নেয়গিরি
1235,নাতিশীতোষ্ণ
1236,জলস্রোত
1237,রংধনু
1238,মরুভূমি
1239,অববাহিকা
1240,চর
1241,ক্যাঙ্গারু
1242,গলদা চিংড়ি
1244,গাধা
1245,ঘোড়া
1246,জোঁক
1247,জলহস্তী
1248,শামুক
1249,মাকড়সা
1250,বিদ্যুৎ
1251,জলবিদ্যুৎ
1252,বিকল
1253,মাইক্রোফোন
1254,স্ক্যানার
1255,রিপোর্ট
1256,খোঁজ খবর
1258,বিজ্ঞাপন
1259,দীর্ঘমেয়াদী
1260,দীর্ঘদিন
1261,পররাষ্ট্র
1262,দূতাবাস
1263,রক্ত
1264,কন্ঠনালী
1265,জঠর
1266,হাত
1267,পেট
1268,হাঁটু
1269,গলা
1270,ঘাড়
1272,যাবজ্জীবন
1273,অধিকার
1274,আটক
1275,আত্মগোপন
1276,গ্রাস করা
1279,ঘুষ
1280,চড়/থাপ্পর
1282,জাল করা
1284,পলাতক
1285,পাশা
1286,পাষাণ
1287,ফুসলানো
1288,বখাটে
1289,আপিল
1290,হেরোইন
1292,ফেনসিডিল
1293,প্যাথেডিন
1294,জামিনপত্র
1296,জলকর
1297,জল্লাদ
1298,জামিনদার
1299,ধস্তাধস্তি
1304,ধাক্কা
1305,শাখা/সেকশন
1307,মনোবিজ্ঞান
1308,অর্থনীতি
1309,পৌরনীতি
1310,গার্হস্থ্য বিজ্ঞান
1312,মৃৎশিল্প
1313,ফার্মেসি
1314,লাইব্রেরী সাইন্স
1316,রসায়ন
1317,চূড়ান্ত
1318,বাতিল
1319,রেজিস্ট্রেশন/নিবন্ধন
1321,উপস্থিত
1322,গেস্টরুম
1324,কুচকাওয়াজ
1325,উপন্যাস
1326,সমাজ কল্যাণ
1327,কৃষি বিজ্ঞান
1329,মৎস্য বিজ্ঞান
1331,পশু চিকিৎসা বিজ্ঞান
1334,পশুপালন বিজ্ঞান
1336,অবসর কাটানো
1338,অবসর গ্রহণ
1340,হারিয়ে যাওয়া
1342,দক্ষতা
1343,পরিচিতি
1344,অপসারণ
1345,অবশিষ্ট
1346,অভিধান
1347,গাঁথুনি
1348,চিরকুট
1349,ছাড়পত্র
1350,ছাড়াছাড়ি
1351,তর্ক
1352,তহবিল
1353,দলিল
1354,দুর্নীতি
1355,পরিমাপ
1356,পর্যবেক্ষণ
1358,প্রস্তাব
1359,সংস্থা
1360,সংযুক্ত
1361,আদমশুমারি
1362,জনগণ
1363,অনুদান
1364,সাইনবোর্ড
1365,ব্যানার
1366,আয়তন
1367,ইউনিফর্ম
1368,জনতা
1369,টিপসই
1370,ডাকমাসুল
1372,তহশীলদার
1373,উপাধি
1374,সাক্ষাৎ দেওয়া
1376,মঞ্জুর
1377,ভারপ্রাপ্ত
1378,অঢেল
1382,অতিক্রম (বাঁধা)
1384,অতিরিক্ত
1385,অদল বদল
1387,অনুচিৎ
1388,অমিল
1389,অর্থ/মানে
1391,অস্পষ্ট
1392,আদান প্রদান
1393,পরিবর্তন
1394,আবরণ
1395,আলিঙ্গন
1396,কুফল
1397,ক্রমেক্রমে
1399,গর্জন
1400,ত্যাগ করা
1402,চলন্ত
1403,চিৎ কাত
1406,চিৎকার করা
1408,চ্যাপ্টা
1409,ছিমছাম
1410,বসবাস
1411,জীবন্ত
1412,জীর্ণ
1413,তুচ্ছ
1414,দুর্লভ
1415,সুলভ
1416,অনিশ্চিত
1417,আশাহত
1418,নিশ্চয়
1419,পরিচর্যা
1420,পরিত্যক্ত
1421,অনুকরণ
1422,নিশ্চিন্ত
1423,অনুনয়
1424,চিরস্থায়ী
1425,অপ্রতিদ্বন্দ্বী
1426,অপ্রাপ্ত বয়স্ক
1427,অফুরন্ত
1428,অবগতি
1429,অশ্লীল
1430,আক্ষেপ
1431,আবোলতাবল
1433,আগাগোড়া
1434,পরিচয়
1435,দফা
1436,অবশ্যই
1437,বিচ্ছিন্ন
1438,নকশা
1439,আলপনা
1440,ভাসা
1441,বাসা
1442,ডুবে যাওয়া
1444,অপেক্ষা
1445,আবদার
1446,অবহেলা
1447,আড্ডা দেয়া
1449,একমত
1450,কাছাকাছি
1451,কিল
1452,কোলাহল/গোলমাল
1454,গুড়া
1455,গুজব
1456,গুদাম
1457,গলা ধাক্কা
1459,ছেঁড়া
1460,ছিদ্র
1462,ছুটাছুটি
1463,ছেঁচা
1464,টানাপোড়ন
1466,ঢালা
1467,ঢালু
1468,ঢিলমারা
1470,নত
1471,পরাধীন
1472,পিচ্ছিল
1473,পেঁচানো
1474,ভরাট
1475,ভারসাম্য
1476,ভিড়
1477,মচকানো
1478,হামাগুড়ি
1479,অসম্পূর্ণ
1480,নিশ্চিত করা
1482,প্রধানমন্ত্রী
1483,তবলা
1484,গিটার
1485,একতারা
1486,ঢোল
1487,প্রাপ্তবয়স্ক
1488,আনাগোনা
1489,বাছাই করা
1491,আজন্ম
1493,এক কথা
1495,এমনি
1496,দরকষা
1497,শোকাহত
1498,বপন
1499,রোপন
1500,সার
1502,কীটনাশক
1503,গণঅভ্যুত্থান
1504,গাঁথা
1506,ঘষামাজা
1507,ঘাড়ধাক্কা
1509,খাদক
1510,হুকুম
1511,বিভক্ত
1512,উত্থান পতন
1514,ছাত্রনেতা
1515,ছাপানো
1516,চুলের জটা
1518,ঝাঁকুনি
1519,কনডম
1520,মাড়াই করা
1522,আগুন পোহানো
1524,শাঁখা
1525,আছাড়
1526,আচ্ছা
1529,আড়চোখ
1530,আড়াআড়ি
1531,উপকার
1532,চাপ
1533,উৎসব
1534,এলোপাতাড়ি
1535,ধাওয়া
1536,ধস
1537,ধ্যান
1538,নমুনা
1539,মত
1541,ব্যর্থ
1542,চাপ দেওয়া
1544,উপুর
1545,দ্যুতি
1548,ঝাঁপিয়ে পড়া
1550,শব্দ/আওয়াজ
1552,ধমক
1553,অহংকার
1554,দল
1555,তারিখ
1556,পোনা মাছ
1558,ফারেনহাইট
1559,চ্যানেল
1560,পারাপার
1561,পরী
1562,অনশন
1564,অনাত্মীয়
1565,অনাদায়
1566,অনাবৃষ্টি
1567,অপকার
1568,অসাবধানতা
1569,আদায়
1570,আর্তনাদ
1571,গজ
1572,উগ্র
1573,উচ্চাভিলাষ
1574,উত্তেজনা
1575,কম্পাস
1576,চুলকানি
1577,চোয়াল
1578,অভদ্র
1579,কুমতলব
1580,কুকথা
1581,কুখ্যাত
1584,পরামর্শ
1585,কড়া
1587,উৎসাহ
1588,কানাকানি
1589,ঘষা
1590,ফুল পিঠা
1592,চাপটি পিঠা
1594,ছিটা রুটি
1596,জিলাপি
1597,চাটনি
1598,আচার
1599,তেলের পিঠা
1601,মেরা পিঠা
1603,হাতের সেমাই
1605,নোনতা
1606,বুট জুতা
1608,জামার হুক
1610,হেম সেলাই
1612,লেস
1613,পাইপিন
1614,শাড়ির পাড়
1616,পাটা
1617,শিল
1618,জলকান্দা
1619,পিরা
1620,বীড়া
1621,ফিউজ
1622,মেইন সুইচ
1624,পানির মিটার
1626,বিদ্যুতের মিটার
1628,বার্নিশ
1629,ওয়ার কাটার
1631,তন্দুর
1632,তাগা
1633,ড্রিল মেশিন
1635,গ্রীল
1636,পাস
1638,ছেনি
1639,শীতল পাটি
1641,পিঞ্জর
1642,দোয়াত
1643,বলম
1644,চাবুক
1645,কপিকল
1646,কলস
1647,প্রসব
1648,আয়ুর্বেদিক
1649,ইনহেলার
1651,মড়ক
1652,আয়ু
1653,মোরগ
1654,কান পাকা
1656,খোস পাচড়া
1658,ফার্মেসী
1659,ডায়াগনস্টিক সেন্টার
1661,বিস্তৃতি
1662,উচ্চতা
1663,শীর্ষ
1664,গোলাকৃতি
1665,স্কলারশীপ
1666,জোড় সংখ্যা
1667,বিজোড় সংখ্যা
1669,কুতকুত খেলা
1671,জাহাজ
1672,রিকশার হুড
1674,মালগাড়ি
1675,টোল
1676,স্পিডবোর্ড
1678,ট্রাক
1679,মাইক্রোবাস
1680,ভ্যান গাড়ি
1682,হস্তশিল্প মেলা
1684,চামড়া শিল্প মেলা
1687,থিয়েটার
1688,জুম্মা নামাজ
1690,টেন্ডার
1691,স্ট্যাম্প
1692,কুলি
1693,এয়ার হোস্ট্রস
1696,কোঁকড়া চুল
1698,সোজা চুল
1700,বোঁচা
1701,চোখা
1702,শ্যামলা
1703,নিগ্রো
1704,চাকমা
1705,ইরান
1706,ইতালি
1707,মালয়েশিয়া
1708,সিঙ্গাপুর
1709,কুয়েত
1710,আর্জেন্টিনা
1711,ফ্রান্স
1712,নরওয়ে
1713,স্পেন
1714,নিউজিল্যান্ড
1715,ইন্দোনেশিয়া
1716,মায়ানমার
1717,বেলজিয়াম
1718,তুরস্ক
1719,সুইজারল্যান্ড
1720,আদ্রতা
1721,শুষ্কতা
1722,কচুরীপানা
1723,ঠকঠক কাঁপা
1726,শৈত্যপ্রবাহ
1727,তুষার
1728,সরিষার তেল
1730,শিউলি ফুল
1732,বকুল ফুল
1734,রজনীগন্ধা
1735,দোআঁশ মাটি
1737,এটেল মাটি
1739,বেলে মাটি
1741,সীমানা
1742,হাইকোর্ট
1743,সুপ্রিম
1744,কোর্ট
1745,কাকাতুয়া
1746,টিয়া
1747,চিল
1748,বাবুই
1749,কোকিল
1750,শকুন
1751,রাজহাঁস
1752,মোরগ
1753,সজারু
1754,গোবর পোকা
1756,কাকিলা মাছ
1758,শিংমাছ
1760,পটকা মাছ
1762,গুড়া মাছ
1766,কাতল মাছ
1768,মেনি মাছ
1770,চান্দা মাছ
1772,চিতল মাছ
1774,খলিশা মাছ
1776,ব্রডব্যান্ড
1777,ডায়লগ
1779,ডায়াল আপ
1781,প্রিপেইড
1782,ওয়েবসাইট
1783,মিসকল
1784,জিহ্বা
1785,ঠোঁট
1786,নখ
1787,র‌্যাব
1788,গ্রেনেড
1791,রায়
1792,নিরাপত্তা
1793,পাচারকারী
1794,সেনাবাহিনী
1795,নৌবাহিনী
1797,পেশা/চাকুরি
1799,প্রতিবেদন
1800,পদোন্নতি
1801,নির্লজ্জ
1802,ছাই রং
1804,গাঢ় রং
1807,হালকা রং
1809,গোমড়া
1810,অবৈতনিক
1811,ব্যতিক্রম
1812,বেতন স্কেল
1814,ইনক্রিমিন্ট
1815,ট্রাস্ট
1816,শিশু
1817,বৃত্ত
1818,কুশল বিনিময়
1820,থেতলানো
1821,দোমড়ানো
1822,নিয়ন্ত্রণ
1823,সমর্থন
1824,নীতিমালা
1825,গেট
1827,ফুপানো
1829,ফসকানো
1830,নত হওয়া
1832,ঝাপ
1833,সন্তুষ্টি
1834,ঢলাঢলি
1837,জন্য
1838,কাড়াকাড়ি
1839,পাশাপাশি
1840,অনুমোদন
1841,ডবল
1842,পাখির ডাক
1844,তুলনা
1845,তোতলা
1846,কর্মশক্তি
1847,বাসিন্দা
1849,প্রবেশ
1850,ছিলা
1851,ধারালো
1852,স্টীল
1854,এ্যালুমিনিয়াম
1855,আঁতুরঘর
1856,ফাঁকা
1857,ফাঁদ
1859,ফালি
1861,ফিটফাট
1862,বাবরি চুল
1864,বীর
1865,লোমহর্ষক
1866,চমকানো
1867,মাঝামাঝি
1868,মধ্যবিত্ত
1869,ভালো মন্দ বলা
1871,মাজা
1872,গুলতি
1873,উপায়
1874,উসখুস
1875,কীর্তন
1876,ঠিকানা
1877,ঠাসা
1878,ঠাঁই
1880,টুকটাক
1881,দরবার
1882,কাটা দাগ
1886,ময়লার দাগ
1890,জাপটে ধরা
1892,পোপ
1893,গুরুত্ব
1894,প্রদান
1895,মাঠকর্মী
1896,মন্তব্য
1897,অংশ
1898,অখন্ড
1899,অগণিত
1900,অপরাজিত
1901,অভিমান
1902,অল্প
1903,অশ্রু
1904,দম্পতি
1905,আস্তাবল
1906,হাতিশাল
1909,একচালা
1911,কুলি
1913,খাঁটি
1914,ক্ষয়
1915,গাঁজা
1916,চর্বি
1917,চাঁদাবাজি
1918,চামড়া
1919,জটলা
1920,দালাল
1921,তিলক
1922,তৈলাক্ত
1923,দাঁড়কাক
1924,কাছি দেয়া
1926,একাধিক
1927,পক্ষ
1929,অক্ষত
1930,ছবির ফিল্ম
1932,ছবির নেগেটিভ
1935,পুঁটলি
1936,ঘোমটা
1937,জয়ফল
1938,বেতফল
1942,বাঙ্গী
1943,করমচা
1944,মিছরি
1945,দইবড়া
1947,মোগলাই পরোটা
1949,কচুশাক
1951,ছোলা
1952,রেসপন্স
1953,ছবি ওয়াস
1954,বেসন
1955,ভিডিও রেকর্ড
1957,ঝাড়বাতি
1958,বড়শি
1959,ফোয়ারা
1960,টুথপিক
1961,পিয়ানো
1962,মাউথ অর্গান
1964,মন্দিরা
1965,খঞ্জনী
1966,অঙ্গহানি
1967,কাটা ঠোঁট
1969,কাটা তালু
1971,যকৃত
1972,নিঃশ্বাস
1973,রক্তস্বল্পতা
1974,পেশী
1975,জলমাথা
1977,টিউমার
1978,মৃগী রোগ
1980,ইনহেলার
1981,বিপি মেশিন
1983,স্পিচ থেরাপি
1985,কালী পূজা
1986,সরস্বতী পূজা
1988,গণেশ
1989,রাধা কৃষ্ণ
1990,শ্মশান
1991,দাহ করা
1993,শ্রাদ্ধ করা
1995,তাবলিগ
1996,গজল
1997,মোয়াজ্জিন
1998,মদিনা
1999,ত্রিপিটক
2000,দুর্গা পূজা
2001,ফিজিওথেরাপিস্ট
2002,স্পিচ থেরাপিস্ট
2004,উইকেট রক্ষক
2006,বোলার
2007,ব্যাটসম্যান
2009,বক্সিং
2010,পিকআপ ভ্যান
2012,পাকা রাস্তা
2016,কার্পেটিং
2017,কার্গো
2018,জাতিসংঘ দিবস
2020,পরিবেশ দিবস
2022,সাক্ষরতা দিবস
2024,শিশু দিবস
2026,মা দিবস
2028,পরিবার দিবস
2030,শান্তি দিবস
2032,ভালোবাসা দিবস
2034,শ্রম দিবস
2036,এইডস দিবস
2038,তামাক মুক্ত দিবস
2041,ধূমপান বর্জন দিবস
2044,আকিকা
2045,ইস্টার সানডে
2047,সম্মেলন
2048,বার/সপ্তাহের দিন
2051,ডেকোরেটর
2052,বিশ্বব্যাংক
2054,গ্রামীণ ব্যাংক
2056,কৃষি ব্যাংক
2058,স্বেচ্ছাশ্রম
2059,পেশা
2060,মেজর জেনারেল
2062,কর্ণেল
2063,ঘটক
2064,ডিজাইনার
2065,ঢুলি
2066,আর্মড পুলিশ
2068,পরিচালক
2069,পরিচালনা
2070,কমিশনার/জেলা প্রশাসক
2073,বাইদানি
2074,সমাজসেবক
2075,ভাষ্যকার
2076,মেথর
2078,ডিটারজেন্ট
2079,ডিউডরান্ট
2081,চুল ঝরা
2083,কাঁচের চুঁড়ি
2085,সোনার গহনা
2087,চরিত্র
,পৌঢ়
2088,পৌঢ়া
2090,বুড়া
,কিশোর
2091,কিশোরী
2092,তরুণ
2093,তরুণী
2094,বামনত্ব
2095,তোষামোদ
2096,হিংস্র
2097,হল্যান্ড
2098,খাল
,গ্রীন হাউজ
2099,বিল
2100,ভূগর্ভ
2101,দাবানল
2102,দীঘি
2104,স্বাস্থ্যকেন্দ্র
2106,ঘাসফুল
2108,বাংলাদেশ চীন মৈত্রী সম্মেলন কেন্দ্র
2113,জজকোর্ট
2115,ইউনিয়ন পরিষদ
2117,তাজমহল
2118,আবে জমজম
2120,চন্দ্রিমা উদ্যান
2122,মহিষ
2123,বউকথা কও
2126,জেব্রা
2127,কাঠবিড়ালী
2128,কাঠঠোকরা
2129,গোল্ডফিশ
2130,চলন্ত সিঁড়ি
2132,এটিএম বুথ
2134,বোর্ড পিন
2136,মার্কার
2137,ফ্লেক্সিলোড
2138,পেনড্রাইভ
2139,টাচ স্ক্রিন
2141,স্টেবিলাইজার
2143,ভোল্টেজ স্ট্যাবিলাইজার
2144,কার্বন ডাই অক্সাইড
2145,নাইট্রোজেন
2146,নাসা
2147,চোখের মনি
2149,আল জিহ্বা
2151,কিডনী
2152,কানের পর্দা
2154,ফ্যাকাসে
2155,ধমনী
2156,পোস্টমর্টেম
2157,শিশুশ্রম
2158,বাল্যবিবাহ
2159,আয়কর/ইনকাম ট্যাক্স
2164,উচ্ছেদ
2165,এডভোকেসি
2166,ক্রসফায়ার
2167,জবানবন্দি
2168,জেরা করা
,নেশাখোর
2170,নিষেধাজ্ঞা
2171,দৈনিক
2172,প্রধান শিক্ষক
2175,ভোটকেন্দ্র
2176,কবিতা
2177,সমাধান
2178,গড়
2179,গ্রহণ
2180,সাফল্য
2181,উৎস
2182,অভিজ্ঞতা
2183,গুন্ডামি
2184,প্রতিষ্ঠাতা
2185,অতৃপ্তি
2186,অস্তমিত
2187,বিরোধী
2188,জটিল
2189,অস্পষ্ট উচ্চারণ
2191,অভিযুক্ত
2192,চারপাশ
2193,দুই তৃতীয়াংশ
2194,কিছুক্ষণ
2195,সমালোচনা
2196,জিডিপি
2197,জিএনপি
2198,দূরত্ব
2199,ত্রৈমাসিক
2200,বাজেট
2201,মাথাপিছু আয়
2203,বাণী
2204,মুলতবী
2205,ধর্মঘট
2206,আধা সরকারী
2208,ডায়েট করা
2210,পার্থক্য
2211,নিন্দা করা
2213,কুটনামি করা
2215,গুজব ছড়ানো
2217,এড়িয়ে যাওয়া
2219,লুকিয়ে রাখা
2221,আঁকড়ে ধরা
2224,যুগ
2225,লালনগীতি
2227,পপ সঙ্গীত
2229,পল্লীগীতি
2230,আবাসিক
2231,প্রাচীনযুগ
2233,মিথ্যা
2234,ঘনিষ্ঠ
2235,অনবরত
2236,অধিক
,দৃঢ়
2239,অটুট
2240,কৃশ
2242,জিন
2243,কামান
2244,কোম্পানি
2245,সরাইখানা
2246,ইমিটেশন
2247,গুণিজন
2248,সুতারগুটি
2250,তত্ত্বাবধায়ক সরকার
2252,জনগণ
2253,উদ্দীপনা
2254,ঝিলিক
2255,ঢাল
2256,সুর তাল
2257,অন্তর্ভুক্তি
2258,তুত পাতা
2260,দোতারা
2261,ফুটন্ত
2263,ড্রপ/ফোঁটা
2265,দক্ষ
2267,নীরব
2268,নিখোঁজ
2269,নিরুদ্দেশ
2270,অভিযান
2271,বক নং
2272,যাদুটোনা
2274,বেনারসি শাড়ি
2276,কচুর মুখী
2278,ধনেপাতা
2279,কচুর মোড়া
2281,আতপ চাল
2283,মসুর ডাল
2285,মুগ ডাল
2287,খেসারী ডাল
2289,মোরব্বা
2290,শাক
2291,পাপর
2292,ঝুটি
2293,ফিতা
2294,কৌটা
2295,ধানভানা
2296,ভার/কাঁধের ভার
2299,লাঠি
2300,জোয়াল
2301,কাঠি
2302,বেবিকট
2304,টিন
2306,পিরিচ
2307,প্লেট
2308,কলেরা/ডায়রিয়া
2310,হাঁচি
2311,আমাশয়
2312,হাঁপানী রোগ
2314,স্বরবর্ণ
2316,ব্যঞ্জনবর্ণ
2317,ভগ্নাংশ
2318,সরলরেখা
2320,ফজর (নামাজ)
2321,যোহর (নামাজ)
2323,আসর (নামাজ)
2325,মাগরিব (নামাজ)
2327,নিয়ত
2328,রুকু (নামাজের)
2330,সেজদা (নামাজের)
2332,দুরুদ শরীফ
2334,সমাহিত
2335,কুরবানী
2337,কদর
2338,শব-ই-কদর
2340,কোট (খেলার)
2342,ইয়োইয়ো
2344,লাটিম
2345,বেসবল
2346,লেভেল ক্রসিং
2348,লঞ্চ
2349,ট্রাম
2351,মাইলফলক
2352,গোসল
2353,দাঁত মাজা
2355,ঈদ-উল-আযহা
2358,আমন্ত্রণ
2359,শাসন
2360,মেনে নেয়া
2364,যত্ন
2365,শুভেচ্ছা কার্ড
2367,দারোগা
2368,চাকর
2369,পর্বতারোহী
2371,ক্যাপ্টেন
2372,কোচওয়ান
2374,গীতিকার
2375,নাবিক
2376,গোয়ালা
2377,স্বপ্ন
2378,নেতৃত্ব
2379,লোভ
2380,কৌতুহল
2381,ন্যাড়া
2382,দেশপ্রেম
2383,বুদ্ধি
2384,মন/হৃদয়
2386,প্রাণবন্ত
2387,সৎ
2388,খ্যাপা
2389,সুখ
2390,অস্থির
2391,কাতরানো
2392,টিটকারী
2393,সহানুভূতি
2394,আন্তর্জাতিক
2395,দিল্লী
2396,কলকাতা
2397,জিম্বাবুয়ে
2398,দূর্বাঘাস
2399,রেনু
2400,দূষণ
2401,বেলী ফুল
2403,বেল গাছ
2405,লতা
2406,বট গাছ
2408,শেওলা
2409,ঝোপ
2410,ঝাউ গাছ
2412,শিমুল ফুল
2414,কাশফুল
2415,রোদ
2416,অঞ্চল/এলাকা
2418,ধুমকেতু
2419,ভৌগোলিক
2420,গর্ত
2421,হিমবাহ
2422,এভারেস্ট
2423,উপকূল
2424,যমুনা নদী
2426,মেঘনা নদী
2428,তুরাগ নদী
2430,বুড়িগঙ্গা নদী
2432,স্থান
2437,ঈদগাহ
2438,নিউমার্কেট
2439,পিলখানা
2440,সোনারগাঁ
2441,শান্তিনগর
2442,মতিঝিল
2443,সেনানিবাস
2444,লেজ
2445,ভেড়া
2448,শুকর
2449,পেখম
2450,গাভী
2451,কেশর
2452,পাকনা/ডানা
2455,শিম্পাঞ্জি
2456,বাদুড়
2457,ছারপোকা
2458,চামচিকা
2459,দুপুর
2460,ভোর
2461,মিনিট
2462,সেকেন্ড
2463,দৃষ্টি
2464,কন্ঠ
2465,নারী/মহিলা/মেয়ে
2468,ছেলে
2469,দমন
2470,আঘাত
2471,অন্যায়
2472,ন্যায়
2473,প্রতারণা
2474,সংঘর্ষ
2475,প্রতারক
2476,জামিন
2477,স্বচ্ছ
2478,স্বাধীন
2479,স্থাপন
2480,পোস্টকার্ড
2481,দুই ধার
2483,স্কেল
2485,পোষা
2486,খোপ
2488,পলিশ
2489,ক্রম
2490,ভর
2491,আসল
2492,ব্যক্তিগত
2493,বৃথা
2494,বাঁধন
2495,বাদ দেয়া
2497,ভাসমান
2498,রাজকোষ
2499,সংরক্ষণ
2500,সংকোচন
2501,খন্ড
2503,খ্যাতি
2504,সিদ্ধান্ত
2505,পাড়া/মহল্লা
2507,অবস্থান
2508,আশ্রয়
2509,প্রকাশ্যে
2510,এড়ানো/পাশ কাটানো
2513,লিটার
2514,মিলিলিটার
2515,কিলোমিটার
2516,মিটার (পরিমাপ একক)
2519,নির্দেশিত
2520,সেরা/শ্রেষ্ঠ
2522,বান্ডিল
2523,রানী/কুইন
2525,অনুগত
2526,সংলগ্ন
2527,প্রতিবন্ধী
2528,পূর্বপুরুষ
2529,অপ্রাসঙ্গিক
2530,অনিয়ম
2531,অসমতা
2532,অসম্ভব
2533,বাসস্থান
2534,বিকল্প
2535,সম্ভব
2536,স্লোগান
2537,অনাস্থা
2538,শাস্তি
2539,গুপ্ত
2540,পৌঁছানো
2541,ফোটা/ডট
2543,কেন
2544,কবে/কোনদিন
2547,চেনা
2548,অনেকেই
2549,প্রশ্নচিহ্ন
2551,দুর্ভেদ্য
2552,কাদের/কাহাদের
2554,কয়েকটি
2555,কয়টি
2556,তোমাকে/আপনাকে
2558,তাকে/উনাকে
2561,আমাদেরকে
2562,তোমাদেরকে/আপনাদেরকে
2564,শুধুমাত্র
2565,উঠানো
2566,নামানো
2567,পর্যন্ত
2568,প্রাপক
2569,প্রেরক
2570,অপর্যাপ্ত
2571,পর্যাপ্ত
2572,টেংরা মাছ
,মলা মাছ
2574,পুঁটি মাছ
2576,গার্লস গাইড
2578,সেতার
2579,বাংলাদেশ আওয়ামী লীগ
2582,পচা
2583,বীনা
2584,উপরে উঠা
2586,সমগ্র
2587,সঙ্গী
2588,উজালা
2589,কথক নাচ
2591,সরানো
2592,গোলা/গোলানো
2594,ঝাঁক
2595,ঝাকানো
2596,নিভানো
2597,নিঃশেষ
2598,নিঃস্ব
2599,তুলে নেওয়া
2602,নিশানা
2603,কদর্য/বিশ্রী
2605,প্ররোচনা
2606,প্যাঁচ
2607,ফিরে আসা
,সময়ানুবর্তিতা
2609,বিলিকাটা
2613,দাগ
2614,দরদর
2615,দোলা/হেলেদুলে
2618,ঢাকা
2619,ফরিদপুর
2620,মুন্সিগঞ্জ
2621,গোপালগঞ্জ
2622,রাজবাড়ি
2623,শরিয়তপুর
2624,মানিকগঞ্জ
2625,টাঙ্গাইল
2626,চট্টগ্রাম বিভাগ
2628,বান্দরবান
2629,ব্রাহ্মণবাড়ীয়া
2630,কুমিল্লা
2631,রাজশাহী বিভাগ
2633,নওগাঁ
2634,সিরাজগঞ্জ
,জয়পুরহাট
2635,চাঁপাইনবাবগঞ্জ
,খুলনা
2637,যশোর
2638,নড়াইল
2639,চিড়া
2640,সাতক্ষীরা
2641,বাগেরহাট
2642,মেহেরপুর
2643,সিলেট
2644,সুনামগঞ্জ
2645,হবিগঞ্জ
2647,মৌলভীবাজার
2648,বরিশাল
2649,পটুয়াখালী
2650,ভোলা
2651,ঝালকাঠি
2652,রংপুর বিভাগ
2654,গাইবান্ধা
2655,কুড়িগ্রাম
2656,নীলফামারী
2657,ময়মনসিংহ
2658,জামালপুর
2659,নেত্রকোনা
,শেরপুর