,Inflected_Word,Lemma_Correct,Lemma_Predict
0,গ্যাসে,গ্যাস,গ্যাস
1,আয়করযোগ্য,আয়কর,আয়করযোগ্য
2,পিছাতে,পিছন,পিছন
3,আড্ডাটা,আড্ডা,আড্ডা
4,সমুদ্রটা,সমুদ্র,সমুদ্র
5,অথবা,অথবা,অথবা
6,অভিজ্ঞান,অভিজ্ঞান,অভিজ্ঞান
7,কোম্পানিতে,কোম্পানি,কোম্পানি
8,অনাথকে,অনাথ,অনাথ
9,প্রফুল্লই,প্রফুল্ল,প্রফুল্ল
10,একজনকে,একজন,একজন
11,ধোকার,ধোকা,ধোকা
12,মুক্তার,মুক্তা,মুক্তা
13,মেরেছে,মারা,মারা
14,পরিষদটি,পরিষদ,পরিষদ
15,ফাঁসানোকে,ফাঁসানো,ফাঁসা
16,চাঞ্চল্যের,চাঞ্চল্য,চাঞ্চল্য
17,প্রহারকে,প্রহার,প্রহার
18,অক্ষমতাবশত,অক্ষম,অক্ষম
19,ধর্ষকই,ধর্ষক,ধর্ষক
20,স্বভাবটিও,স্বভাব,স্বভাব
21,অগ্রাধিকারকেই,অগ্রাধিকার,অগ্রাধিকার
22,মিশে,মেশা,মিশ
23,ছবিকে,ছবি,ছবি
24,রাগাইতে,রাগানো,রাগানো
25,অন্ধ্রপ্রদেশের,অন্ধ্রপ্রদেশ,অন্ধ্রপ্রদেশ
26,জবানে,জবান,জবান
27,মরণ,মরণ,মরণ
28,চক্র,চক্র,চক্র
29,আঁচলটি,আঁচল,আঁচল
30,অনুষ্ঠান,অনুষ্ঠান,অনুষ্ঠান
31,বল্কলাংশ,বল্কলঅংশ,বল্কলা
32,ইহার,ইহা,ইহার
33,আরজির,আরজি,আরজি
34,জন্মদিনে,জন্মদিন,জন্মদিন
35,অনাহারী,অনাহার,অনাহারী
36,কাতরধ্বনি,কাতরধ্বনি,কাতর
37,কৃতজ্ঞতা,কৃতজ্ঞ,কৃতজ্ঞ
38,সিগারেটকে,সিগারেট,সিগারেট
39,ঈগলও,ঈগল,ঈগল
40,অভ্যন্তরেও,অভ্যন্তর,অভ্যন্তর
41,দৌড়াইব,দৌড়,দৌড়
42,ঘুর,ঘুর,ঘুর
43,শিক্ষকরাই,শিক্ষক,শিক্ষকরা
44,আমোদ,আমোদ,আমোদ
45,অধিনায়ককে,অধিনায়ক,অধিনায়ক
46,পিণ্ডের,পিণ্ড,পিণ্ড
47,ছাত্রেরা,ছাত্র,ছাত্র
48,রমজানকে,রমজান,রমজান
49,অরাজকতা,অরাজকতা,অরাজকতা
50,সাল,সাল,সাল
51,তর্ক,তর্ক,তর্ক
52,কাচাচ্ছিলেন,কাচা,কাচা
53,উপভোগ,উপভোগ,উপভোগ
54,কলিন,কলি,কলিন
55,লিখাক,লেখা,লেখা
56,টিউমারে,টিউমার,টিউমার
57,অর্থনৈতিক,অর্থনীতি,অর্থন
58,জোড়ার,জোড়া,জোড়া
59,ধারা,ধারা,ধারা
60,আকন্দকে,আকন্দ,আকন্দ
61,বইয়ে,বই,বই
62,বিহারের,বিহার,বিহার
63,সময়ের,সময়,সময়
64,মক্কাই,মক্কা,মক্কা
65,জাফরানের,জাফরান,জাফরান
66,লটকলটা,লটকল,লটকল
67,কর্তৃপক্ষের,কর্তৃপক্ষ,কর্তৃপক্ষ
68,ভাবে,ভাব,ভাব
69,ডাহুকদের,ডাহুক,ডাহুক
70,খুরে,খুর,খুর
71,রসিকতার,রসিকতা,রসিকতা
72,আকুলতার,আকুল,আকুল
73,উদ্বিগ্নে,উদ্বিগ্ন,উদ্বিগ্ন
74,অনৈতিকতায়,অনৈতিক,অনৈতিক
75,অক্টোপাসটিকে,অক্টোপাস,অক্টোপাস
76,উত্তেজিত,উত্তেজিত,উত্তেজনা
77,যুগান্তরের,যুগান্তর,যুগান্তর
78,দৃশ্যপূর্ব,দৃশ্য,দৃশ্য
79,অক্ষরজ্ঞানসমৃদ্ধ,অক্ষর,অক্ষর
80,মমতার,মমতা,মমতা
81,হনুমানের,হনুমান,হনুমান
82,রক্তক্ষরণে,রক্ত,রক্তক্ষরণ
83,ছোটত্ব,ছোট,ছোটা
84,ডায়বেটিসের,ডায়বেটিস,ডায়বেটিস
85,খাচ্ছিল,খাওয়া,খাওয়া
86,শরীলটা,শরীল,শরীল
87,কিডনিজনিত,কিডনি,কিডনি
88,পলায়ন,পলানো,পলায়ন
89,কর্তা,কর্তা,কর্তা
90,কাপড়কে,কাপড়,কাপড়
91,যৌথভাবে,যৌথ,যৌথ
92,প্রধানই,প্রধান,প্রধান
93,উঠানটা,উঠান,উঠান
94,মিনারে,মিনার,মিনারা
95,বিদায়,বিদায়,বিদায়
96,পিপাসিত,পিপাসা,পিপাসা
97,কুঁজোর,কুঁজ,কুঁজোর
98,বাঘে,বাঘ,বাঘ
99,অজ্ঞান,জ্ঞান,অজ্ঞান
100,প্রজাপতির,প্রজাপতি,প্রজাপতি
101,যা,যা,যা
102,অভিনেতা,অভিনেতা,অভিনেতা
103,দেওয়াও,দেওয়া,দেওয়া
104,বিকালটি,বিকাল,বিকাল
105,গোর্খাল্যান্ড,গোর্খাল্যান্ড,গোর্খাল্যান্ড
106,একদিনটা,একদিন,একদিন
107,ঝাড়ুন,ঝাড়,ঝাড়
108,কাচাইতেছিলি,কাচা,কাচা
109,কাচাতেম,কাচা,কাচা
110,একদলা,একদল,একদলা
111,গ্রীষ্মকালকে,গ্রীষ্মকাল,গ্রীষ্মকাল
112,অশুভতিথি,অশুভ,অশুভতিথি
113,টিউমারটা,টিউমার,টিউমার
114,গালগল্প,গালগল্প,গলাগল্প
115,অপছন্দও,অপছন্দ,অপছন্দ
116,ষাটের,ষাট,ষাট
117,কাচাও,কাচা,কাচা
118,নখের,নখ,নখ
119,কর্তৃপক্ষকে,কর্তৃপক্ষ,কর্তৃপক্ষ
120,অদক্ষতাকে,অদক্ষ,অদক্ষ
121,খুঁতখুঁতুনির,খুঁতখুঁত,খুঁতখুঁতুনি
122,ব্যবস্থা,ব্যবস্থা,ব্যবস্থা
123,আবদার,আবদার,আবদার
124,অন্তর্মুখীনতা,অন্তর্মুখী,অন্তর্মুখী
125,রঙ,রঙ,রং
126,অতল,অতল,অতল
127,বাগানকে,বাগান,বাগান
128,ছাওয়াগুলা,ছাওয়া,ছাওয়া
129,তিমি,তিমি,তিমি
130,সম্ভবত,সম্ভাবনা,সম্ভব
131,শতকরা,শতকরা,শতকরা
132,তাহাও,তাহা,তাহা
133,আত্মকর্মসংস্থানের,আত্মকর্ম,আত্মকর্ম
134,দেখিয়াই,দেখা,দেখা
135,ব্রিটিশ,ব্রিটিশ,ব্রিটিশ
136,টবটা,টব,টব
137,কাটাইয়াছিলি,কাটা,কাটা
138,মল,মল,মল
139,চিহ্নও,চিহ্ন,চিহ্ন
140,গৌরবকে,গৌরব,গৌরব
141,বুঝানো,বুঝা,বুঝা
142,শেষ,শেষ,শেষ
143,বড়রা,বড়,বড়
144,প্রতারণাতে,প্রতারণা,প্রতারণা
145,আসত,আসা,আসা
146,গম্ভীরভাবে,গম্ভীরভাব,গম্ভীরভাব
147,পড়ে,পড়া,পড়
148,আহারই,আহার,আহার
149,টয়লেটটি,টয়লেট,টয়লেট
150,অমূল্যভূষণ,অমূল্য,অমূল্য
151,অভাজনের,অভাজন,অভাজন
152,ঘাড়ের,ঘাড়,ঘাড়
153,বলাচ্ছে,বলা,বলা
154,সব্জি,সব্জি,ব
155,কাচিবার,কাচা,কাচা
156,গদ্যও,গদ্য,গদ্য
157,কন্যাশোকের,কন্যাশোক,কন্যাশ
158,আগ্রহই,আগ্রহ,আগ্রহ
159,বাজি,বাজি,বাজি
160,অধ্যবসায়ই,অধ্যবসায়,অধ্যবসায়
161,ইঞ্জিনটা,ইঞ্জিন,ইঞ্জিন
162,জার্মানি,জার্মানি,জার্মান
163,মিনারটা,মিনার,মিনার
164,অব্দের,অব্দ,অব্দ
165,জমেছে,জমা,জম
166,সুতীক্ষ্ম,সুতীক্ষ্ম,সুতীক্ষ্ম
167,ছুড়িই,ছুড়ি,ছুড়ি
168,হেঁটে,হাঁটা,হাঁটা
169,রচনার,রচনা,রচনা
170,বললেই,বলা,বলা
171,বন্টনের,বন্টন,বন্টন
172,অকাজেই,অকাজ,অকাজ
173,বজ্রনাদের,বজ্রনাদ,বজ্রনা
174,ঘনমূলে,ঘনমূল,ঘনমূল
175,দশমিকই,দশমিক,দশমিক
176,চেনাকে,চেনা,চেনা
177,গৌরবও,গৌরব,গৌরব
178,ছারখারই,ছারখার,ছারখার
179,গবেষকই,গবেষক,গবেষ
180,অগ্ন্যাশয়ে,অগ্ন্যাশয়,অগ্ন্যাশয়
181,অনিয়মকেই,অনিয়ম,অনিয়ম
182,ভগবানের,ভগবান,ভগবান
183,বিরোধে,বিরোধ,বিরোধ
184,পীড়াতে,পীড়া,পীড়া
185,গেলেও,যাওয়া,গেল
186,ঘিয়ে,ঘি,ঘেওয়া
187,আবাস,আবাস,আবাস
188,বশ,বশ,বশ
189,ক্ষয়ে,ক্ষয়,ক্ষয়
190,উপলক্ষটা,উপলক্ষ,উপলক্ষ
191,ভালোমানুষের,ভালোমানুষে,ভালোমানুষ
192,অনুযায়ী,অনুযায়ী,অনুযায়
193,অবাক্যে,বাক্য,অবাক্য
194,কঠিনও,কঠিন,কঠিন
195,উত্থিত,উত্থিত,উত্থান
196,পড়িবে,পড়া,পড়িব
197,প্রতিটা,প্রতি,প্রতি
198,কাটবেন,কাটা,কাটা
199,বাতিল,বাতিল,বাতিল
200,নকুলটা,নকুল,নকুল
201,রঙিন,রঙিন,রং
202,রাস্তাযুক্ত,রাস্তা,রাস্তাযুক্ত
203,তাঁরই,তিনি,তিনি
204,অভিজাতচর্চার,অভিজাত,অভিজাত
205,কাদম্বর,কাদম্ব,কাদম্বর
206,নয়নমন,নয়নমন,নয়ন
207,রাগে,রাগ,রাগ
208,সম্বল,সম্বল,বম্বল
209,পলিথিনটি,পলিথিন,পলিথিন
210,লোভেই,লোভ,লোভ
211,আবহ,আবহ,আবহ
212,সাজত,সাজ,সাজ
213,আপসে,আপস,আপস
214,গুহাকে,গুহা,গুহা
215,পণ্ডিত,পণ্ডিত,পণ্ডিত
216,কাটাইবি,কাটা,কাটা
217,অন্তস্থলজুড়ে,অন্তস্থ,অন্তস্থ
218,অংশগ্রহণেচ্ছু,অংশ,অংশ
219,অবসানকে,অবসান,অবসান
220,সংকোচ,সংকোচ,সংকোচ
221,পৌঁছনো,পৌঁছনো,পৌঁছনো
222,কুমারই,কুমার,কুমার
223,কৃতজ্ঞতাদুষ্ট,কৃতজ্ঞ,কৃতজ্ঞ
224,শিল্পীরাই,শিল্পী,শিল্পীরা
225,অবসাদেরও,অবসাদ,অবসাদ
226,আধিক্যই,আধিক্য,অধিক্য
227,মন্ত্রবলে,মন্ত্রবল,মন্ত্রবল
228,ডাবলই,ডাবল,ডাবল
229,বহুদূরেই,বহুদূরে,বহুদূর
230,শাশুড়ি,শাশুড়ি,শাশুড়ি
231,সিদ্ধান্তটা,সিদ্ধান্ত,সিদ্ধান্ত
232,শিঙ্গাড়ার,শিঙ্গাড়া,শিঙ্গাড়া
233,জুয়াটা,জুয়া,জুয়া
234,নামটি,নাম,নাম
235,খাইত,খাওয়া,খাওয়া
236,নিষেধ,নিষেধ,নিষ
237,পড়ুয়াদের,পড়ুয়া,পড়ুয়া
238,বাদেই,বাদে,বাদে
239,শিরায়,শিরা,শিরা
240,আবহমানকাল,আবহমান,আবহমান
241,অব্যাহতও,অব্যাহত,অব্যাহত
242,কার্তিক,কার্তিক,কার্তি
243,উত্থাপনও,উত্থাপন,উত্থাপন
244,কমিটিদের,কমিট,কমিট
245,কক্ষপথ,কক্ষপথ,কক্ষপথ
246,চটপটিটি,চটপটি,চটপটি
247,মাঠা,মাঠ,মাঠা
248,মদ্যপানের,মদ্যপান,মদ্যপান
249,হউক,হয়,হওয়া
250,জমি,জমি,জমি
251,দেহেই,দেহ,দেহ
252,অযোগ্য,অযোগ্য,অযোগ্য
253,আন্দাজে,আন্দাজ,আন্দাজ
254,যুবকেরা,যুবক,যুবক
255,আপনারা,আপনি,আপনারা
256,ইন্টার্নশিপ,ইন্টার্নশিপ,ইন্টার্ন
257,রকমটা,রকম,রকম
258,জন্তুকে,জন্তু,জন্তুক
259,গাজর,গাজর,গাজ
260,বাজিতে,বাজানো,বাজানো
261,গরুদের,গরু,গরু
262,প্যারী,প্যারী,প্যার্রী
263,সরোবরে,সরোবর,সরোবর
264,ভুমিকাস্বরূপে,ভুমিকাস্বরূপ,ভুমিকাস্বরূপ
265,মলা,মলা,মলা
266,দূরদর্শিতা,দূরদর্শন,দূরদর্শন
267,উপদেবতাগণকে,উপদেবতাগণ,উপদেবতা
268,পদ্দায়,পদ্দা,পদ্দা
269,নামে,নাম,নাম
270,নিকট,নিকট,নিক
271,রাজবেশ,রাজবেশ,রাজব
272,দ্বারে,দ্বার,দ্বার
273,অপেক্ষাই,অপেক্ষা,অপেক্ষা
274,আদায়,আদায়,আদা
275,আবেগই,আবেগ,আবেগ
276,আদিবাসী,আদিবাসী,আদিবাসী
277,অদ্বৈতচন্দ্র,অদ্বৈত,অদ্বৈত
278,আতাফল,আতা,আতা
279,পাড়িয়া,পাড়া,পাড়ি
280,উড্ডয়নকে,উড্ডয়ন,উড্ডয়ন
281,তীক্ষ্ম,তীক্ষ্ম,তীক্ষ্ম
282,আলগাই,আলগা,আলগা
283,ধোকাই,ধোকা,ধোকা
284,উদ্ধার,উদ্ধার,উদ্ধার
285,ভাঁড়,ভাঁড়,ভাঁড়ানো
286,অংশগ্রহণও,অংশ,অংশ
287,উপকারীও,উপকারী,উপকারী
288,খেচররা,খেচর,খেচর
289,ছায়ার,ছায়া,ছায়া
290,যাচ্ছিস,যাওয়া,যাওয়া
291,স্থানীয়,স্থান,ব্থান
292,ঘড়িয়ালকে,ঘড়িয়াল,ঘড়িয়াল
293,খাটোত,খাটো,খাটো
294,খুশিই,খুশি,খুশি
295,দেখাছে,দেখা,দেখা
296,ঠান্ডা,ঠান্ডা,ঠান্ডা
297,আমাশয়ের,আমাশয়,আমাশয়
298,অনুশীলনীমূলক,অনুশীলনী,অনুশীলনী
299,যাবতীয়,যাবতীয়,যাবত
300,অনেককেই,অনেক,অনেক
301,সর্বাপেক্ষা,সর্বউপেক্ষা,সর্বঅপেক্ষা
302,ছোটর,ছোট,ছোটর
303,সওদাটার,সওদা,সওদা
304,সতর্কতা,সতর্কতা,সতর্ক
305,অপহরণকারী,অপহরণ,অপহরণ
306,দ্রুততর,দ্রুত,দ্রুত
307,দাদাগিরির,দাদাগিরি,দরদা
308,হাসছিলো,হাসা,হাসা
309,আবহাওয়া,আবহাওয়া,আবহাওয়া
310,রকমারি,রকম,রকমারি
311,তাস,তাস,তাস
312,ছোঁড়াই,ছোঁড়া,ছোঁড়া
313,অলসতা,অলস,অলস
314,খেলিবার,খেলা,খেলিবার
315,মাত্রা,মাত্রা,মাত্রা
316,শান্ত,শান্ত,শান্ত
317,যৌবনপ্রাপ্ত,যৌবনপ্রাপ্ত,যৌবনপ্রাপ্ত
318,বেশীই,বেশী,বেশী
319,সুশ্রী,সুশ্রী,সুশ্রী
320,নর্তকীরা,নর্তকী,নর্তকী
321,অঙ্গনকে,অঙ্গন,অঙ্গন
322,অনুযোগী,অনুযোগ,অনুযোগী
323,এবারও,এবার,এবার
324,রুচিকে,রুচি,রুচি
325,হতাশের,হতাশ,হতাশ
326,মালিশের,মালিশ,মালিশ
327,কাটালেম,কাটা,কাটা
328,উন্মত্ততা,উন্মত্ত,উন্মত্ত
329,কচিকাঁচা,কচি,কচি
330,হিসেবও,হিসেব,হিসেব
331,কস্তুরীও,কস্তুরী,কস্তুরী
332,আভাটি,আভা,আভা
333,উৎপাদক,উৎপাদন,উৎপাদক
334,অক্ষরবিশিষ্ট,অক্ষর,অক্ষর
335,ডাকতেন,ডাকা,ডাকা
336,অর্ধচন্দ্রাকৃতির,অর্ধচন্দ্র,অর্ধচন্দ্র
337,অধিকবার,অধিক,অধিক
338,উল্কাগুলোর,উল্কা,উল্কা
339,গাত্রবস্ত্র,গাত্রবস্ত্র,গাত্রবস্ত্র
340,মার,মারা,মা
341,টফিতে,টফি,টফি
342,অনীককে,অনীক,অনীক
343,কাব্যগুলো,কাব্য,কাব্য
344,সংখ্যায়,সংখ্যা,সংখ্যা
345,অন্তঃপুরপ্রাসাদের,অন্তঃপুরপ্রাসাদ,অন্তঃপুরপ্রাসাপ
346,শীশার,শীশা,শীশা
347,ধানে,ধান,ধান
348,মাছিকে,মাছি,মাছি
349,জেটলি,জেটলি,জেটলি
350,বাচ্চাকে,বাচ্চা,বাচ্চা
351,ফাঁকার,ফাঁকি,ফাঁকা
352,শুনিবার,শোনা,শুনিবা
353,কুমারী,কুমারী,কুমারী
354,গ্রহই,গ্রহ,গ্রহ
355,ইজ্জতের,ইজ্জত,ইজ্জত
356,রানী,রানী,রানী
357,মেশিনই,মেশিন,মেশিন
358,বলবে,বলা,বলা
359,বিয়েই,বিয়ে,বিয়ে
360,শোয়ান,শোয়া,শোয়ান
361,অনুগ্রাহী,অনুগ্রহ,অনুগ্রাহী
362,পর্দার,পর্দা,পর্দার
363,খোপে,খোপ,খোপ
364,দৌড়ানো,দৌড়,দৌড়
365,ময়লায়,ময়লা,ময়লা
366,একমতে,একমত,একমত
367,ঔজ্জ্বল্যটা,ঔজ্জ্বল্য,ঔজ্জ্বল্য
368,বণ্টনের,বণ্টন,বণ্টন
369,চতুর্দোলায়,চতুর্দোলা,চতুর্দোলা
370,টগরই,টগর,টগর
371,কাণ্ডজ্ঞানের,কাণ্ডজ্ঞান,কাণ্ডজ্ঞান
372,পদশব্দ,পদশব্দ,পদশ
373,দৌড়ন,দৌড়,দৌড়
374,স্থানটার,স্থান,স্থান
375,উগ্রতার,উগ্রতা,উগ্রতা
376,অধস্তনের,অধস্তন,অধস্তন
377,খেতাম,খাওয়া,খেতা
378,অব্যয়টি,অব্যয়,অব্যয়
379,প্রশ্রয়ই,প্রশ্রয়,প্রশ্রয়
380,অধিবর্ষেরই,অধিবর্ষ,অধিবর্ষ
381,তাদের,তারা,তাদের
382,মিশেছে,মেশা,মেশানো
383,নিয়ে,নিয়ে,নেওয়া
384,এযাবৎকালের,এযাবৎ,এযাবৎকাল
385,ফাঁসির,ফাঁসি,ফাঁসি
386,অসামান্য,সামান্য,অসামান্য
387,জল,জল,জ
388,পাত্র্রী,পাত্র্রী,পাত্র্রী
389,ছাত্রীদের,ছাত্রী,ছাত্র্রী
390,অক্টোবরের,অক্টোবর,অক্টোবর
391,আর্থিকখাতের,আর্থিক,আর্থিক
392,দেওয়াবো,দেওয়া,দেওয়া
393,আধ্যাত্মিকতা,আধ্যাত্মিক,আধ্যাত্মিক
394,থাকব,থাকা,থাকা
395,ব্যাকুল,ব্যাকুল,ব্যাকুল
396,ব্রাউন,ব্রাউন,ব্রাউন
397,ভোগা,ভোগা,ভোগা
398,সহজ,সহজ,সহজ
399,আয়নাকে,আয়না,আয়না
400,মৃত্যুমুখ,মৃত্যু,মৃত্যুমুখ
401,লঘু,লঘু,লঘু
402,কাঁদাইত,কাঁদা,কাঁদা
403,উপনেতাও,উপনেতা,উপনেতা
404,মহানই,মহান,মহান
405,পঞ্চায়েত,পঞ্চায়েত,পঞ্চায়েত
406,উপকেন্দ্রগুলো,উপকেন্দ্র,উপকেন্দ্র
407,ফিরিতে,ফেরা,ফেরা
408,যাপকের,যাপক,যাপক
409,যাঁর,যিনি,যিনি
410,নিরপেক্ষ,নিরপেক্ষ,নিরপেক্ষ
411,টবে,টব,টব
412,কাঁদান,কাঁদা,কাঁদা
413,গেছল,যাওয়া,গেওয়া
414,হাসাচ্ছিলাম,হাসা,হাসা
415,ইফতারকে,ইফতার,ইফতার
416,আয়োজনহীন,আয়োজন,আয়োজন
417,লোকও,লোক,লোক
418,অগ্ন্যুত্পাতকে,অগ্ন্যুত্পাত,অগ্ন্যুত্পাত
419,খননের,খনন,খনন
420,গাইকাই,গাইকা,গাইকা
421,বসতুম,বসা,বসা
422,চাঁদে,চাঁদ,চাঁদ
423,স্বর্গে,স্বর্গ,স্বর্গ
424,চড়,চড়,চড়
425,দোলনার,দোলনা,দোলনা
426,অমত,অমত,অমত
427,স্বপ্নের,স্বপ্ন,স্বপ্ন
428,খাতা,খাতা,খাতা
429,একতাল,একতাল,একতাল
430,অপঘাত,অপঘাত,অপঘাত
431,মৌলিকের,মৌলিক,মৌলিক
432,অনুশাসনের,অনুশাসন,অনুশাসন
433,মনোবাঞ্ছা,মনোবাঞ্ছা,মনোবাঞ্ছা
434,প্রজাপতি,প্রজাপতি,প্রজাপতি
435,আঠাই,আঠা,আঠা
436,চারিমাস,চারমাস,চারামাস
437,আয়তনের,আয়তন,আয়তন
438,ঝরনা,ঝরনা,ঝরনা
439,পাপহীন,পাপহীন,পাপহীন
440,হাঁসের,হাঁস,হাঁস
441,ভারতমাতার,ভারতমাতা,ভারতমাতা
442,পরাব,পরা,পরা
443,সত্যবাদীরা,সত্যবাদী,সত্যবাদীরা
444,বলিয়া,বলা,বলা
445,কটুকথা,কটু,কটু
446,কৃপণতা,কৃপণ,কৃপণ
447,বাদশাহদের,বাদশাহ,বাদশাহদ
448,দাবী,দাবী,দাবী
449,উপভাষাও,উপভাষা,উপভাষা
450,গিন্নীবান্নি,গিন্নী,গিন্নী
451,আসলে,আসলে,আসল
452,ইস্তফাই,ইস্তফা,ইস্তফা
453,ফাইবারও,ফাইবার,ফাইবার
454,ঘোষণাও,ঘোষণা,ঘোষণা
455,উপসাগরটি,উপসাগর,উপসাগর
456,ধ্রুবব্রতা,ধ্রুবব্রত,ধ্রুব্বর
457,আংটাগুলো,আংটা,আংটা
458,জায়গা,জায়গা,জায়গা
459,অপরূপা,অপরূপ,অপরূপা
460,ওঝাও,ওঝা,ও
461,মানুষের,মানুষ,মানুষ
462,পার্ক,পার্ক,পার্ক
463,দোকানির,দোকান,দোকানি
464,কসুর,কসুর,কসু
465,কালীপুজোর,কালীপুজো,কালীপুজোর
466,চলমানতা,চলমান,চলা
467,নামা,নামা,নামা
468,হুলুধ্বনি,হুলুধ্বনি,হুলুধ্বন
469,ময়ূরটি,ময়ূর,ময়ূর
470,কাচাইতেছিস,কাচা,কাচা
471,অপটুতা,অপটু,অপটু
472,ইতস্ততভাবে,ইতস্তত,ইতস্তত
473,অপভ্রংশের,অপভ্রংশ,অপভ্রংশ
474,খোপটিতে,খোপ,খোপটি
475,অধ্যবসায়শীল,অধ্যবসায়,অধ্যবোয়
476,অনৈক্যের,অনৈক্য,অনৈক্য
477,স্থূলোদর,স্থূলউদর,স্থূলো
478,আত্মসমর্পণও,আত্মসমর্পণ,আত্মসমর্পণ
479,গোদাবরীর,গোদাবরী,গোদাবরী
480,সিংহরা,সিংহ,সিংহরা
481,আত্নীয়ের,আত্নীয়,আত্নীয়
482,বিয়ের,বিয়ে,বিয়
483,বলিবার,বলা,বলা
484,হকেতে,হক,হকেত
485,বাড়ানোর,বাড়ানো,বাড়ানো
486,সহযোগিতার,সহযোগ,সহযোগ
487,গাভলাটা,গাভলা,গাভলা
488,আশাভঙ্গে,আশাভঙ্গ,আশাভঙ্গ
489,শুতে,শুয়া,শুত
490,সংস্থাটি,সংস্থা,সংস্থাটি
491,অভিপ্রায়ে,অভিপ্রায়,অভিপ্রায়
492,জড়ানো,জরিত,জরা
493,ছোলাতে,ছোলা,ছোলা
494,মেঘনা,মেঘ,মেঘনা
495,ধরুন,ধরা,ধরু
496,আশাবাদী,আশাবাদী,আশাবাদী
497,কৃতার্থ,কৃতার্থ,কৃতার্থ
498,ঝরনাই,ঝরনা,ঝরনা
499,ইন্টারপোলের,ইন্টারপোল,ইন্টারপোল
500,কাটবার,কাটা,কাটা
501,কংশতে,কংশ,কংশ
502,ইস্তফাপত্র,ইস্তফা,ইস্তফাপত্র
503,কর্মহীনতার,কর্মহীনতা,কর্মহীনতা
504,অনিচ্ছাই,অনিচ্ছা,অনিচ্ছা
505,অবমাননা,অবমাননা,অবমান
506,বন্ধুগণ,বন্ধুগণ,বন্ধু
507,কাকি,কাকি,কাকি
508,ভিসাই,ভিসা,ভিসা
509,কর্মপদ্ধতিতে,কর্মপদ্ধতি,কর্মপদ্ধতি
510,শোয়াক,শোয়া,শোয়াক
511,চোরের,চোর,চোর
512,একটানেই,একটানা,একটান্দ
513,নৌকোটিকে,নৌকো,নৌকোটিক
514,খালুর,খালু,খালু
515,অবগুণ্ঠনে,অবগুণ্ঠন,অবগুণ্ঠন
516,চান,চাওয়া,চাওয়া
517,মাদ্রাজ,মাদ্রাজ,মাদ্রাজ
518,ডিজেলের,ডিজেল,ডিজেল
519,অমিতবাবু,অমিতবাবু,অমিত
520,ইজারা,ইজারা,ইজারা
521,কারবারই,কারবার,কারবার
522,লিখলাম,লেখা,লেখা
523,অপরূপ,অপরূপ,অপরূপ
524,উপরে,উপরে,উপরে
525,নিশ্চয়ই,নিশ্চয়,নিশ্চয়
526,চাঁদনী,চাঁদনী,চাঁদনী
527,আবেদনপত্রটা,আবেদনপত্র,আবেদনপত্র
528,কিংবদন্তি,কিংবদন্তি,কিংবদন্তি
529,অর্বাচীনকে,অর্বাচীন,অর্বাচীন
530,গিয়েছ,যাওয়া,গিয়ে
531,আত্মপ্রচারণা,আত্মপ্রচার,আত্মপ্রচারণা
532,অশুদ্ধই,অশুদ্ধ,অশুদ্ধ
533,দীর্ঘকাল,দীর্ঘকাল,দীর্ঘকাল
534,চালক,চালক,চালক
535,কাটাইয়াছিলেন,কাটা,কাটা
536,অনুপমপুর,অনুপম,অনুপম
537,মোহরে,মোহর,মোহর
538,কটাক্ষপাত,কটাক্ষ,কটাক্ষপাত
539,চতুর্থাংশে,চতুর্থাংশ,চতুর্থাংশ
540,বনকর্মী,কর্ম,বনকর্মী
541,জনতা,জন,জনতা
542,উৎসর্গ,উৎসর্গ,উৎসর্গ
543,কলিল,কলি,কলিল
544,নানার,নানা,নানা
545,শেষে,শেষ,শেষ
546,ইতস্তবোধ,ইতস্তত,ইতস্তবোধ
547,জীবনটাকে,জীবন,জীবন
548,আত্মত্যাগের,আত্মত্যাগ,আত্মত্যাগ
549,ফলই,ফল,ফল
550,পরস্পরই,পরস্পর,পরস্পর
551,শাস্ত্রজ্ঞ,শাস্ত্রজ্ঞ,শর্ত্তর
552,মহীষ,মহীষ,মহীষ
553,দোষগুণ,দোষ,দোষ
554,ছবির,ছবি,ছবি
555,বহিষ্কাররা,বহিষ্কার,বহিষ্কার
556,আদর্শই,আদর্শ,আদর্শ
557,শিরাতে,শিরা,শিরা
558,ভাগের,ভাগ,ভাগ
559,ট্রাকের,ট্রাক,ট্রাক
560,গোর্খাল্যান্ডের,গোর্খাল্যান্ড,গোর্খাল্যান্ড
561,আক্রান্ত,আক্রান্ত,আক্রান্ত
562,উত্তেজনাকর,উত্তেজনা,উত্তেজনা
563,নিয়োগ,নিয়োগ,নিয়ো
564,একখানি,একখান,একখা
565,তামিলের,তামিল,তামিল
566,আদর্শও,আদর্শ,আদর্শ
567,অভ্যস্ত,অভ্যস্ত,অভ্যস্ত
568,অনবরত,অনবরত,অনবরত
569,কাচিস,কাচা,কাচা
570,অগ্নিসংযোগসহ,অগ্নিসংযোগ,অগ্নি
571,যথার্হ,যথা,যথা
572,মানফ্রেডকে,মানফ্রেড,মানফ্রেডক
573,ভগিনীপতি,ভগিনীপতি,ভগিনীপতি
574,উপযোগিতাটাও,উপযোগিতা,উপযোগিতা
575,শান্তিনগর,শান্তি,শান্তিন
576,আসলেই,আসলে,আসলে
577,তিলে,তিল,তিল
578,গর্বিত,গর্ব,গর্বিত
579,টেলিভিশনকে,টেলিভিশন,টেলিভিশন
580,উত্তরপত্রগুলো,উত্তরপত্র,উত্তরপত্র
581,চোরই,চোর,চোর
582,আখ,আখ,আখ
583,আলোও,আলো,আলো
584,পান্থ,পান্থ,পান্থ
585,আয়ত্তের,আয়ত্ত,আয়ত্ত
586,ভারি,ভার,ভারি
587,অপারেটরকেও,অপারেটর,অপারেটর
588,কীর্তন,কীর্তন,কীর্তন
589,থাক,থাকা,থাক
590,কাঁদাইতে,কাঁদা,কাঁদা
591,আলকাতরার,আলকাতরা,আলকাতরা
592,টকই,টক,টক
593,ধাঁধাকে,ধাঁধা,ধাঁধা
594,প্রতিরোধে,প্রতিরোধ,প্রতিরোধ
595,আক্রমণ,আক্রমণ,আক্রম
596,বীরত্বকে,বীর,বীরত্ব
597,পণ্ডিতমশায়কে,পণ্ডিতমহাশয়,পণ্ডিতম
598,ঐশ্বর্যই,ঐশ্বর্য,ঐশ্বর্য
599,আস্ফালনের,আস্ফালন,আস্ফালন
600,অন্তরতম,অন্তর,অন্তর
601,রাগাচ্ছ,রাগ,রাগ
602,নিশ্চিতটা,নিশ্চিত,নিশ্চিত
603,আসিতেছে,আসা,আসা
604,খাইছে,খাওয়া,খাওয়া
605,পিপাসিতা,পিপাসা,পিপাসা
606,খড়িতে,খড়ি,খড়ি
607,কথাসাহিত্যিকের,কথাসাহিত্যিক,কথাসাহিত্যিক
608,বড়োঘরে,বড়োঘর,বড়োঘর
609,শাখা,শাখা,শাখা
610,যোগ্যতর,যোগ্য,যোগ্য
611,পাল্লা,পাল্লা,পাল্লা
612,পূর্বপ্রান্তের,পূর্বপ্রান্ত,পূর্বপ্রান্ত
613,হতভাগ্য,হতভাগ্য,হতভাগ্য
614,উৎপাতের,উৎপাত,উৎপাত
615,কলিকা,কলিকা,কলিকা
616,দাঁতের,দাঁত,দাঁত
617,বোর্ড,বোর্ড,বোর্ড
618,অতীত,অতীত,অতীত
619,জংশনে,জংশন,জংশন
620,ষড়যন্ত্র,ষড়যন্ত্র,ষড়যন্ত্র
621,বারবার,বারবার,বারবার
622,আর্দ্রতাকেই,আর্দ্রতা,আর্দ্রতাক
623,নেতাদের,নেতা,নেতা
624,যুগোপযোগী,যুগোপযোগী,যুগোপ
625,হাততুলবে,হাততোলা,হাততোলা
626,অভিমতটুকু,অভিমত,অভিমত
627,অভিষিক্তকে,অভিষিক্ত,অভিষিক্ত
628,যুবকই,যুবক,যুবক
629,বসতাম,বসা,বসা
630,এদিকটায়,এদিক,এদিক
631,উদ্বেগ,উদ্বেগ,উদ্বেগ
632,শোনানো,শোনা,শোনা
633,যন্ত্রবিৎকে,যন্ত্রবিৎ,যন্ত্রবিৎ
634,হাড়,হাড়,হাড়
635,আসলো,আসা,আসলো
636,এখানেই,এখান,এখান
637,উদয়ন,উদয়ন,উদয়ন
638,অঙ্গনার,অঙ্গন,অঙ্গন
639,আবির্ভাবকাল,আবির্ভাব,আবির্ভাব
640,আবদারই,আবদার,আবদার
641,মশারিতে,মশারি,মশারি
642,দিকে,দিক,দিক
643,নথি,নথি,নথি
644,হিসেবে,হিসাব,হিসেব
645,আত্মবিসর্জনের,আত্মবিসর্জন,আত্মবিসর্জন
646,উপাসনাগীত,উপাসন,উপাসন
647,আদালতটি,আদালত,আদালত
648,অদ্বৈত,অদ্বৈত,অদ্বৈত
649,ইতর,ইতর,ইত
650,পড়াল,পড়া,পড়া
651,শয়তান,শয়তান,শয়তান
652,অপূর্ণ,অপূর্ণ,অপূর্ণ
653,গাম্ভীর্যতা,গাম্ভীর্য,গাম্ভীর্য
654,অনুবাদকর্ম,অনুবাদ,অনুবঅদ
655,বিচারে,বিচার,বিচার
656,বাঁশে,বাঁশ,বাঁশে
657,বরের,বর,বর
658,ট্রেনে,ট্রেন,ট্রেন
659,যথাযোগ্য,যথা,যথাযোগ্য
660,যোগাচ্ছ,যোগান,যোগান
661,উপাধিধারী,উপাধি,উপাধি
662,অনিশ্চিত,অনিশ্চিত,অনিশ্চিত
663,উদ্বেগও,উদ্বেগ,উদ্বেগ
664,আধুনিকতা,আধুনিক,আধুনিক
665,জিরাফে,জিরাফ,জিরাফ
666,অশান্তিই,অশান্তি,অশান্তি
667,অদক্ষতা,অদক্ষ,অদক্ষ
668,অভিবাসীদের,অভিবাসী,অভিবাসী
669,ঘোষকে,ঘোষ,ঘোষ
670,আইনসংগতভাবেই,আইনসংগত,আইনসংগত
671,হাল্কা,হাল্কা,হাল্কা
672,পুরকর্তা,পুরকর্তা,পুরকর্তা
673,আসরকে,আসর,আসর
674,বিরতির,বিরতি,বিরতি
675,অংশীদারকে,অংশীদার,অংশীদার
676,করছিলে,করা,করা
677,আশুর,আশু,আশু
678,থাকিতেন,থাকা,থাকা
679,অর্থ,অর্থ,অর্থ
680,ভিত্তিতে,ভিত্তি,ভিত্তি
681,বিভ্রান্ত,বিভ্রান্ত,বিভ্রান্ত
682,ফুসফুসের,ফুসফুস,ফুসফুস
683,অনুৎসাহিত,অনুৎসাহ,অনুৎসাহ
684,চেহারার,চেহারা,চেহারার
685,বলাচ্ছিস,বলা,বলা
686,গরুই,গরু,গরু
687,আবাসিকেরা,আবাসন,আবাসিক
688,পাত্রীদেরকে,পাত্র্রী,পাত্র্রীর
689,পার্টির,পার্টি,পার্টি
690,ফাজিল,ফাজিল,ফাজিল
691,শশীকে,শশী,শশীক
692,গর্ভ,গর্ভ,গর্ভ
693,কৌতুকের,কৌতুক,কৌতুক
694,গণতান্ত্রিকভাবে,গণতন্ত্র,গণতন্ত্ররিক
695,আসিয়া,আসা,আসা
696,অভিসন্ধিমূলক,অভিসন্ধি,অভিসন্ধিমূল
697,অমুকে,অমুক,অমুকে
698,একজনসহ,একজন,একজন
699,স্বচিন্তিত,চিন্তা,স্বচিন্ত
700,অভিবাসনের,অভিবাসন,অভিবাসন
701,ইউক্রেন,ইউক্রেন,ইউক্র
702,ঢলে,ঢলা,ঢল
703,মাড়াননি,মাড়ানো,মাড়ান
704,আপাতভাবে,আপাত,আপাত
705,চরকিকে,চরকি,চরকিক
706,পশ্চিমের,পশ্চিম,পশ্চিম
707,নিরাশ,নিরাশ,নিরাশ
708,ঘটালাম,ঘটা,ঘটা
709,চানাচুরে,চানাচুর,চানাচুর
710,কর্তব্যগুলির,কর্তব্য,কর্তব্য
711,কুমির,কুমির,কুমি
712,যুগোপযোগী,যুগোপযোগী,যুগোপ
713,অগ্ন্যাশয়,অগ্ন্যাশয়,অগ্ন্যাশয়
714,চাকরের,চাকর,চাকর
715,ভালোবাসাই,ভালোবাসা,ভালোবাসা
716,সাজছি,সাজ,সাজ
717,আতিশয্যের,আতিশয্য,আতিশয্য
718,সচেতনতা,সচেতন,সচেতন
719,তাবুটা,তাবু,তাবু
720,বড়দের,বড়,বড়দ
721,বাঁদর,বাঁদর,বাঁদর
722,মি,মি,মি
723,আঠাটা,আঠা,আঠা
724,চাদরকে,চাদর,চাদর
725,আস্বাদপ্রাপ্ত,স্বাদপ্রাপ্ত,আস্বাদপ্রাপ্ত
726,গাম্ভীর্যও,গাম্ভীর্য,গাম্ভীর্য
727,জগতেই,জগত,জগত
728,কাটিতেছে,কাটা,কাটা
729,কোমল,কোমল,কোমল
730,একা,এক,একা
731,বাড়ানো,বাড়ানো,বাড়ানো
732,ঘামানো,ঘাম,ঘাম
733,বেঞ্চির,বেঞ্চি,বেঞ্চির
734,প্রাথমিকের,প্রাথমিক,প্রাথমিক
735,মাইকে,মাইক,মাই
736,অংশীদারত্বই,অংশীদার,অংশীদার
737,ভ্রমক্রমে,ভ্রমক্রম,ভ্রম্রমর
738,আড়ংগাছা,আড়ং,আড়ং
739,অমান্যসহ,অমান্য,অমান্য
740,কলমের,কলম,কলম
741,বছরের,বছর,বছর
742,অধঃপাত,অধঃপতন,অধঃপাত
743,যুবকরা,যুবক,যুবকরা
744,একচোট,একচোট,একচোট
745,শীঘ্রই,শীঘ্র,শীঘ্র
746,পিঠাটা,পিঠা,পিঠা
747,অম্বরনগর,অম্বর,অম্বরন
748,উৎকোচক,উৎকোচ,উৎকোচক
749,গন্ধ,গন্ধ,গন্ধ
750,অতিরিক্ত,অতিরিক্ত,অতিরিক্ত
751,নিমোক,নিমোক,নিমোক
752,পাইবার,পাওয়া,পাওয়া
753,একশটি,একশ,একশ
754,সংগ্রহ,সংগ্রহ,সংগ্রহ
755,আমড়ার,আমড়া,আমড়া
756,নামটিকে,নাম,নামা
757,স্বাধীনতার,স্বাধীনতা,স্বাধীন
758,দুষ্কর্মে,দুষ্কর্ম,দুষ্কর্ম
759,দিবা,দিব,দেওয়া
760,বহুদূরের,বহুদূরে,বহুদূর
761,আড়ষ্টতা,আড়ষ্ট,আড়ষ্ট
762,আবীরকে,আবীর,আবীর
763,নাসা,নাসা,নাসা
764,দিয়েই,দেওয়া,দিয়
765,বৈ,বৈ,বৈৈ
766,আনুষ্ঠানিকতা,আনুষ্ঠানিক,আনুষ্ঠানিক
767,জিদই,জিদ,জিদ
768,আসবাবটি,আসবাব,আসবাব
769,ঔজ্জ্বল্যহীন,ঔজ্জ্বল্য,ঔজ্জ্বল্যহীন
770,চোখটা,চোখ,চোখ
771,রুদ্ধদ্বারের,রুদ্ধদ্বার,রুদ্ধদ্বার
772,আপেক্ষিকতাবাদ,আপেক্ষিকতা,আপেক্ষিকতা
773,কর,কর,কর
774,যন্ত্রপাতি,যন্ত্র,যন্ত্রপাতি
775,অংশবিশেষে,অংশ,অংশ
776,খতিয়ান,খতিয়ান,খ
777,ঘটক,ঘটক,ঘটক
778,কঙ্কালও,কঙ্কাল,কঙ্কাল
779,পরাজয়ের,পরাজয়,পরাজয়
780,নেত্রীদের,নেত্রী,নেত্রী
781,আন্দোলনই,আন্দোলন,আন্দোলন
782,হিন্দুবীরগণ,হিন্দুবীর,হিন্দুরীর
783,অব্দে,অব্দ,অব্দ
784,বুঝতুম,বোঝা,বুঝা
785,চেতনা,চেতনা,চেতনা
786,বাধাচ্ছিল,বাধা,বাধা
787,নগদই,নগর,নগদ
788,শুনিতে,শোনা,শোনা
789,একাধিকবার,একাধিকবার,একাধিক
790,চিন্তাও,চিন্তা,চিন্তা
791,সৌরমণ্ডলে,সৌরমণ্ডল,সৌরমণ্ডল
792,তারই,তার,তা
793,নগরেই,নগর,নগর
794,থামাচ্ছি,থামা,থামা
795,হাজী,হাজী,হাজী
796,এই,এ,এই
797,আবর্তনে,আবর্তন,আবর্তন
798,গতিই,গতি,গতি
799,লজ্জত,লজ্জা,লজ্জা
800,স্বল্পভাষিনী,স্বল্পভাষা,স্বল্পভাষিনী
801,বিধবাশ্রম,বিধবাআশ্রম,বিধবঅশ্রম
802,জন্যেও,জন্য,জন্য
803,টাইম,টাইম,টা
804,অবশিষ্টাংশ,অবশিষ্ট,অবশিষ্টাংশ
805,কষা,কষা,কষা
806,আড়ম্বরে,আড়ম্বর,আড়ম্বর
807,আমলাতন্ত্রই,আমলাতন্ত্র,আমলাতন্ত্র
808,পেয়ারাকে,পেয়ারা,পেয়ারা
809,তিনে,তিন,তিন
810,ছক্কা,ছক্কা,ছক্কা
811,কাটাইলাম,কাটা,কাটা
812,জলপাইতে,জলপাই,জলপাই
813,পড়েন,পড়া,পড়া
814,কেবিনটি,কেবিন,কেবিন
815,জানাচ্ছি,জানা,জানা
816,ঘিরে,ঘেরা,ঘিরে
817,উত্স,উত্স,উত্স
818,সাজানোর,সাজানো,সাজানো
819,কাটাইবে,কাটা,কাটা
820,দিতেন,দেওয়া,দিত
821,টিকাদারটা,টিকাদার,টিকাদার
822,অলিগলিসহ,অলিগলি,অলিগলিসহ
823,যন্ত্রশালাতে,যন্ত্রশালা,যন্ত্রশালা
824,বছরে,বছর,বছর
825,আনিয়াছে,আনা,আনা
826,গ্রহণ,গ্রহণ,গ্রহণ
827,কামরার,কামরা,কামারা
828,যাবত,যাওয়া,যাওয়া
829,আকন্দ,আকন্দ,আকন্দ
830,অতৃপ্তিই,অতৃপ্ত,অতৃপ্ত
831,অবাস্তবের,অবাস্তব,অবাস্তব
832,টানা,টানা,টানা
833,নজরের,নজর,নজর
834,চোখটির,চোখ,চোখটি
835,করোটির,করোটি,করোটি
836,বকরা,বক,বকরা
837,তিলটা,তিল,তিল
838,হাত,হাত,হাত
839,হকারদের,হকার,হকার
840,মরণটা,মরণ,মরণ
841,ছাত্রগুলা,ছাত্র,ছাত্র
842,কটুকাটব্যের,কটু,কটুটাটক্য
843,পড়াবা,পড়া,পড়া
844,জনসমাজের,জনসমাজ,জনসমাজ
845,সংগঠন,সংগঠন,সংগঠন
846,অপ্রিয়,অপ্রিয়,অপ্রিয়
847,ওলন্দাজরা,ওলন্দাজ,ওলন্দাজরা
848,মহিষের,মহিষ,মহিষ
849,বসাইয়া,বসানো,বসা
850,খাইছি,খাওয়া,খাওয়া
851,দেখ,দেখা,দেখ
852,উত্থাপন,উত্থাপন,উত্থাপন
853,অভিপ্রায়কে,অভিপ্রায়,অভিপ্রায়
854,ইন্দুমতি,ইন্দু,ইন্দুম
855,মাতানো,মাতানো,মাতানো
856,উপভোগকারী,উপভোগ,উপভোগকারী
857,ভাইরা,ভাই,ভাইরা
858,কম্বলই,কম্বল,কম্বল
859,যানবাহন,যানবাহন,যান
860,উত্ত্যক্তও,উত্ত্যক্ত,উত্ত্যক্ত
861,জগের,জগ,জগ
862,কাটব,কাটা,কাটা
863,ধারাবাহিকতাই,ধারাবাহিক,ধারাবাহিক
864,অখনের,অখন,অখন
865,আয়ুর্বেদে,আয়ুর্বেদ,আয়ুর্বেদ
866,অনুমিতির,অনুমিত,অনুমিতি
867,ঝুমকা,ঝুমকা,ঝুমকা
868,অপ্রত্যাশিতভাবেই,অপ্রত্যাশিত,অপ্রত্যাশিত
869,দোষেন,দোষ,দোষ
870,অয়নকে,অয়ন,অয়ন
871,লঘুর,লঘু,লঘু
872,করোটি,করোটি,করোটি
873,আধুনিকা,আধুনিকা,আধুনিকা
874,আদত,আদত,আদত
875,আপসনামা,আপস,আপসন
876,অনুকরণেই,অনুকরণ,অনুকরণ
877,ডুবুরিরা,ডুবুরি,ডুবুরিরা
878,অনির্দিষ্টকালের,অনির্দিষ্ট,অনির্দিষ্ট
879,অনুলিখিন,অনুলিখন,অনুলিখিন
880,ঠিকানাটা,ঠিকানা,ঠিকানা
881,দৈবযোগে,দেবযোগ,দৈবযোগ
882,যথার্থ,যথার্থ,যথা
883,একসময়ে,একসময়,একসময়
884,মুরগী,মুরগী,মুরগী
885,বাঘিনীকে,বাঘ,বাঘিনী
886,গহনার,গহনা,গহনা
887,আসরই,আসর,আসর
888,গোসল,গোসল,গোসল
889,ছালা,ছালা,ছালা
890,অংশগুলোকে,অংশ,অংশ
891,ঘনককের,ঘনক,ঘনক
892,জনসংখ্যা,জনসংখ্যা,জনস্খ্যা
893,তালিকা,তালিকা,তালিকা
894,খোশগল্প,খোশগল্প,খোশগল্প
895,ব্যাঘ্র,ব্যাঘ্র,ব্যাঘ্র
896,আগ্নেয়াস্ত্রও,আগ্নেয়াস্ত্র,আগ্নেয়াস্ত্র
897,খারিজযোগ্য,খারিজ,খারিজ
898,ধাবমান,ধাবমান,ধাওয়ান
899,পরামানিকেকর,পরামানিক,পরামানিক
900,দেওয়াইতে,দেওয়া,দেওয়া
901,স্বর্গের,স্বর্গ,স্বর্গ
902,জানত,জানা,জানা
903,অমতে,অমত,অমত
904,আবাসস্থলকে,আবাসস্থল,আবাসস্থল
905,ঝড়টা,ঝড়,ঝড়
906,অনাহারি,অনাহার,অনাহারি
907,পক্ষে,পক্ষ,পক্ষে
908,কাটতে,কাটা,কাটা
909,দালানে,দালান,দালান
910,জ্ঞানময়,জ্ঞান,জ্ঞান
911,জাহাজটি,জাহাজ,জাহাজ
912,পেঁপের,পেঁপে,পেঁপের
913,টফি,টফি,টফি
914,তরুণতা,তরু,তরুণ
915,অপ্রস্তুতিই,অপ্রস্তুত,অপ্রস্তুত
916,বেমানান,মানানো,বেমানা
917,বিশ্বাস,বিশ্বাস,বিশ্বাস
918,কাশিটার,কাশি,কাশি
919,ঘড়িয়ালটিকে,ঘড়িয়াল,ঘড়িয়ালটি
920,কর্নফ্লাওয়ার,কর্নফ্লাওয়ার,কর্নফ্লা
921,আরও,আর,আর
922,আহারকে,আহার,আহার
923,প্রাক্তন,প্রাক্তন,প্রাক্ত
924,মোহনভোগ,মোহনভোগ,মোহন
925,দলিতদের,দলিত,দলিত
926,ধারণই,ধারণ,ধারণ
927,কুমারকে,কুমার,কুমার
928,পেঁয়াজগুলোকে,পেঁয়াজ,পেঁয়াজ
929,অন্তর্নিহিতভাবে,অন্তর্নিহিত,অন্তর্নিহিত
930,বাকি,বাকি,বাকি
931,বৃত্তান্ত,বৃত্তান্ত,বৃত্তান্ত
932,অফিসের,অফিস,অফিসের
933,আঁতুড়,আঁতুড়,আঁতুড়
934,গালাগালে,গালাগালি,গালাগাল
935,দিকের,দিক,দিক
936,রাজারা,রাজা,রাজারা
937,লেবুটা,লেবু,লেবু
938,কিনারায়,কিনারা,কিনারা
939,কলঙ্ক,কলঙ্ক,কলঙ্ক
940,এল,এল,এল
941,আবাহনীতে,আবাহনী,আবাহনী
942,ঘষার,ঘষা,ঘষা
943,ভিখারিরা,ভিখারি,ভিখারি
944,জোয়ার,জোয়ার,জোয়া
945,চারিজন,চারজন,চারিজন
946,চুড়ির,চুড়ি,চুড়ি
947,ভেড়া,ভেড়া,ভেড়া
948,খয়রাতী,খয়রাত,খয়রাত
949,দোষটা,দোষ,দোষ
950,পাইবামাত্র,পাওয়ামাত্র,পাইবামাত্র
951,কাটাইয়াছিলে,কাটা,কাটা
952,একনায়কই,একনায়কত্ব,একনায়ক
953,এক,এ,এক
954,পাততাড়ি,পাততাড়ি,পাত
955,ভোরই,ভোর,ভোর
956,অযোগ্যতাটি,অযোগ্য,অযোগ্যাটি
957,ইবাদতকারী,ইবাদত,ইবাদত
958,ছিপ,ছিপ,ছিপ
959,ঘোড়াকে,ঘোড়া,ঘোড়া
960,কৃপণভাবে,কৃপণ,কৃপণভাব
961,জিব্বাতে,জিব্বা,জিব্বাত
962,মোহরটা,মোহর,মোহর
963,রান্নাতে,রান্না,রান্না
964,রাত্রি,রাত্রি,রাত্রি
965,বিপদেসম্পদে,বিপদসম্পদ,বিপদেসম্পদ
966,গভীরতাকেই,গভীর,গভীর
967,কাশি,কাশি,কাশি
968,ছাড়িয়ে,ছাড়ানো,ছাড়া
969,মৃত্যুরূপ,মৃত্যু,মৃত্যু
970,আলোড়িত,আলোড়ন,আলোড়ি
971,অপ্রাপ্তি,অপ্রাপ্তি,অপ্রাপ্তি
972,আশাবাদই,আশাবাদ,আশাবাদ
973,জ্ঞানদা,জ্ঞান,জ্ঞান
974,যাপনীয়,যাপন,যাপন
975,অমীমাংসায়,অমীমাংসা,অমীমাংসা
976,বলাইও,বলা,বলা
977,চুলের,চুল,চুল
978,ইত্যাদি,ইত্যাদি,ইত্যাদি
979,সবথেকে,সবথেকে,থবথে
980,কাশফুলে,কাশফুল,কাশফুল
981,মশায়,মশা,মশা
982,সহকর্মীর,সহকর্মী,সহকর্মী
983,কিলোমিটার,কিলোমিটার,কিলোমিটা
984,অনিদ্র,নিদ্রা,অনি
985,পড়াচ্ছি,পড়া,পড়া
986,নিয়েছিল,নেওয়া,নিয়ে
987,অন্যায়ই,অন্যায়,অন্যায়
988,কলিসমূহ,কলি,কলিথমূহ
989,অপরাধীও,অপরাধী,অপরাধী
990,উপত্যকাটার,উপত্যকা,উপত্যকাটার
991,দুর্লভ,দুর্লভ,দুর্লভ
992,প্রেমসুধারসের,প্রেমসুধারস,প্রেমসুধারস
993,বসতেই,বসা,বসা
994,যোগাযোগ,যোগাযোগ,যোগাযোগ
995,অনুশীলন,অনুশীলন,অনুশীলন
996,আহরণকে,আহরণ,আহরণ
997,অপকর্মকারী,অপকর্ম,অপকর্ম
998,লিখচ্ছি,লেখা,লেখা
999,ঘনক,ঘনক,ঘনক
1000,ডজনের,ডজন,ডজন
1001,আবির,আবির,আবি
1002,কাঁঠালে,কাঁঠাল,কাঁঠাল
1003,শুয়া,শুয়া,শুয়া
1004,কাশফুল,কাশফুল,কাশফুল
1005,ইজারাদারকেও,ইজারাদার,ইজারাদার
1006,তুলিলেন,তোলা,তুলিল
1007,গহীনই,গহীন,গহীন
1008,আবদারও,আবদার,আবদার
1009,গাভলাটি,গাভলা,গাভলা
1010,পশ্চাৎ,পশ্চাৎ,পশ্চাৎ
1011,উদ্যানগর,উদ্যান,উদ্যান
1012,অভিনেতা,অভিনেতা,অভিনেতা
1013,তামাশা,তামাশা,তামাশা
1014,আন্দোলনকালে,আন্দোলন,আন্দোলন
1015,প্রতিযোগীদের,প্রতিযোগী,প্রতিযোগী
1016,ধূমজালই,ধূমজাল,ধূমজাল
1017,কিছুক্ষণেই,কিছুক্ষণ,কিছুক্ষণ
1018,পিছাইয়া,পিছন,পিছন
1019,অধ্যক্ষকেই,অধ্যক্ষ,অধ্যক্ষ
1020,স্থানান্তরিত,স্থানান্তর,স্থানান্তর
1021,কাটিয়াছিস,কাটা,কাটা
1022,কাটাচ্ছিলি,কাটা,কাটা
1023,বিশালান্ধ্র,বিশালঅন্ধ্র,বিশালান্ধ্র
1024,উত্কর্ষিত,উত্কর্ষ,উত্কর্ষণ
1025,তাজা,তাজা,তাজা
1026,আখক্ষেত,আখ,আখ
1027,ফ্রিৎজ,ফ্রিৎজ,ফ্রিৎজ
1028,স্বল্প,স্বল্প,ব্বল্প
1029,অক্ষরেখায়,অক্ষরেখা,অক্ষরেখা
1030,বাস্তবে,বাস্তব,বাস্তব
1031,অভিসারের,অভিসার,অভিসার
1032,আভাসটা,আভাস,আভাস
1033,ধমকালি,ধমক,ধমক
1034,অযৌক্তিকতার,অযৌক্তিক,অযৌক্তিক
1035,পড়াতাম,পড়া,পড়া
1036,প্রকার,প্রকার,প্রকার
1037,টেবিলটি,টেবিল,টেবিল
1038,শোয়াস,শোয়া,শোয়া
1039,খাইবি,খাওয়া,খাওয়া
1040,পরাজয়ে,পরাজয়,পরাজয়
1041,নেহরুরই,নেহরু,নেহরুর
1042,লইতেছি,লওয়া,লওয়া
1043,ডাকিয়া,ডাকা,ডাকা
1044,ভূখণ্ডে,ভূখণ্ড,ভূখণ্ড
1045,আবক্ষমূর্তির,আবক্ষ,আবক্ষমূর্তি
1046,জাহানে,জাহান,জাহান
1047,আদেশ,আদেশ,আদেশ
1048,পারিতেন,পারা,পারা
1049,আর্কটিকে,আর্ক,আর্কটি
1050,উপদেশটা,উপদেশ,উপদেশ
1051,কাঁদাস,কাঁদা,কাঁদা
1052,কামরা,কামরা,কামা
1053,অনেক,অনেক,অনেক
1054,অত্মকর্মসংস্থানে,আত্ম,অত্মকর্ম
1055,ইহলোক,ইহলোক,ইহলোক
1056,পরমে,পরম,পরম
1057,তহবিলটা,তহবিল,তহবিল
1058,পিছনের,পিছনে,পিছনে
1059,উদাসীনতা,উদাসীনতা,উদাসীনতা
1060,অধ্যাদেশকে,অধ্যাদেশ,অধ্যাদেশ
1061,বাঘিনীর,বাঘ,বাঘিনী
1062,উদযাপনটা,উদযাপন,উদযাপন
1063,উপরই,উপর,উপর
1064,বিপিনকিশোরের,বিপিনকিশোর,বিপিনকিশোর
1065,কাচিতাম,কাচা,কাচা
1066,গাছটা,গাছ,গাছ
1067,কাদাখোঁচাকে,কাদাখোঁচা,কাদাখোঁচা
1068,যোদ্ধা,যোদ্ধা,যোদ্ধা
1069,অনুগ্রহের,অনুগ্রহ,অনুগ্রহ
1070,বেঙ্গল,বেঙ্গল,বেঙ্গল
1071,এটি,এ,এই
1072,আরাধনার,আরাধনা,আরাধনার
1073,অর্ডারটা,অর্ডার,অর্ডার
1074,ছড়ানো,ছড়ানো,ছড়ানো
1075,কবুলের,কবুল,কবুল
1076,উড়োজাহাজকে,উড়োজাহাজ,উড়োজাহাজ
1077,অরিন্দম,অরিন্দম,অরিন্দম
1078,সিডি,সিডি,সিডি
1079,সৃষ্টকারী,সৃষ্টি,সৃষ্টকারী
1080,নাগরিককে,নাগরিক,নাগরিক
1081,আপদবিপদ,আপদ,আপদপিপদ
1082,অর্থমন্ত্রী,অর্থমন্ত্রী,অর্থমন্ত্র
1083,উদ্বুদ্ধকরণ,উদ্বুদ্ধ,উদ্বুদ্ধ
1084,অধ্যবসায়,অধ্যবসায়,অধ্যব
1085,নকুলদের,নকুল,নকুল
1086,আবাসনে,আবাসন,আবাসন
1087,নিশ্চিন্ত,নিশ্চিন্ত,নিশ্চিন্ত
1088,স্থান,স্থান,স্থান
1089,কোমলতার,কোমল,কোমল
1090,কালের,কাল,কাল
1091,লোকগাথা,লোকগাথা,লোক
1092,ফাল্গুনি,ফাল্গুন,ফাল্গুন
1093,এলাচির,এলাচ,এলাচি
1094,লাটিমটা,লাটিম,লাটা
1095,অ্যালবাম,অ্যালবাম,অ্যাল
1096,লিখো,লেখা,লেখা
1097,ভেবেছে,ভাবা,ভাবা
1098,অভিশংসনযোগ্য,অভিশংসন,অভিশংসন
1099,পদ্যর,পদ্য,পদ্যর
1100,অমৃতকথা,অমৃত,অমৃত
1101,খাচ্ছিলে,খাওয়া,খাওয়া
1102,ছক্কায়,ছক্কা,ছক্কা
1103,অনভিজ্ঞতম,অনভিজ্ঞ,অনভিজ্ঞ
1104,আলোকরশ্মিও,আলোকরশ্মি,আলোকরশ্মি
1105,উৎকৃষ্ট,উৎকৃষ্ট,উৎকৃষ্ট
1106,গেছিলাম,যাওয়া,গেছিলা
1107,উপধারাভুক্ত,উপধারা,উপধারা
1108,নিলামই,নিলাম,নিলাম
1109,মানচিত্রে,মানচিত্র,মানচিত্র
1110,অবসাদগ্রস্ততার,অবসাদ,অবসাদ
1111,আছড়াতে,আছড়া,আছড়া
1112,টিসুটা,টিসু,টিসু
1113,কঙ্করময়,কঙ্কর,কঙ্কর
1114,বলাইল,বলা,বলা
1115,টিকটিকিকে,টিকটিকি,টিকটিকিকে
1116,খেলিতে,খেলা,খেলি
1117,কবেই,কবে,কব
1118,ভারী,ভারী,ভারী
1119,চত্বরও,চত্বর,চত্বর
1120,অগ্নিপরীক্ষাও,অগ্নিপরীক্ষা,অগ্নিপরীক্ষা
1121,যোগ্য,যোগ্য,যোগ
1122,বিশাল,বিশাল,বিশাল
1123,বিধাতা,বিধাতা,বিধা
1124,যেতিস,যাওয়া,যাওয়া
1125,বলাচ্ছি,বলা,বলা
1126,পোস্তর,পোস্ত,পোস্তর
1127,মুদ্রায়,মুদ্রা,মুদ্রা
1128,কোটেশনমার্কা,কোটেশনমার্কা,কোটেশন
1129,আশার,আশা,আশা
1130,পুরনো,পুরনো,পুরনো
1131,মশারিটি,মশারি,মশারি
1132,আস্তেধীরে,আস্তে,আস্তে
1133,বাহ্য,বাহ্য,বাহ্য
1134,অভিজ্ঞই,অভিজ্ঞ,অভিজ্ঞ
1135,উজ্জ্বল,উজ্জ্বল,উজ্জ্বল
1136,পরিকল্পনার,পরিকল্পনা,পরিকল্পনা
1137,অংশের,অংশ,অংশ
1138,গিন্নি,গিন্নি,গিন্ন
1139,উভয়কে,উভয়,উভয়
1140,ডানায়,ডানা,ডানা
1141,করিতেছিল,করা,করা
1142,বিরুদ্ধেই,বিরুদ্ধ,বিরুদ্ধে
1143,ধর্মান্তরিতো,ধর্মান্তরিত,ধর্মান্তরিত
1144,থাবায়,থাবা,থাবা
1145,মজাটা,মজা,মজা
1146,অপ্রাপ্তির,অপ্রাপ্তি,অপ্রাপ্তি
1147,আত্মসাৎকারী,আত্মসাৎ,আত্মসাৎ
1148,কর্মী,কর্মী,কর্মী
1149,খোকাকে,খোকা,খোকা
1150,বেড়ানোর,বেড়ানো,বেড়ানো
1151,কুলি,কুলি,কুলি
1152,ধ্যান,ধ্যান,ধ্যান
1153,পাড়াতেও,পাড়া,পাড়াতে
1154,সমর্থক,সমর্থক,সমর্থক
1155,আনমনে,আনমন,আনমন
1156,বোম্,বোম্,বোম্
1157,অসামঞ্জস্য,সামঞ্জস্য,অসামঞ্জ
1158,জিনিসটার,জিনিস,জিনিস
1159,আপ্যায়নেও,আপ্যায়ন,আপ্যায়ন
1160,হিমালয়েতে,হিমালয়,হিমালয়ে
1161,হাঁটুর,হাঁটু,হাঁটু
1162,মিনি,মিনি,মিনি
1163,ঘাসই,ঘাস,ঘাস
1164,অন্তরঙ্গতার,অন্তরঙ্গ,অন্তরঙ্গ
1165,চটপটেও,চটপটে,চটপটে
1166,সিংহের,সিংহ,সিংহ
1167,অম্বরিশ,অম্বর,অম্বর
1168,এলাচগুঁড়া,এলাচ,এলাচ
1169,বিভাগের,বিভাগ,বিভাগ
1170,ছাত্রনেতাকে,ছাত্র,ছাত্র
1171,টলমলের,টলমল,টলমল
1172,কালীপূজা,কালীপূজা,কালীপূজা
1173,চীৎকার,চীৎকার,চীৎকার
1174,বোঝা,বোঝা,বোঝা
1175,একবারই,একবার,একবার
1176,ভাবিদের,ভাবি,ভাবি
1177,অগোছালোভাবে,অগোছাল,অগোছালো
1178,নির্যাস,নির্যাস,নির্যাস
1179,আশীর্বাদে,আশীর্বাদ,আশীর্বাদ
1180,বাজারটা,বাজার,বাজার
1181,দৃশ্যই,দৃশ্য,দৃশ্য
1182,বিনোদনের,বিনোদন,বিনোদন
1183,বুদ্ধি,বুদ্ধি,বুদ্ধি
1184,রাস্তা,রাস্তা,রাস্তা
1185,এলোমেলোমিতে,এলোমেলো,এলোমেলোমি
1186,দলকে,দল,দল
1187,ইতিমধ্যে,ইতিমধ্যে,ইতিমধ্যে
1188,ঈদটা,ঈদ,ঈদ
1189,বাংলাদেশ,বাংলাদেশ,বাংলাদেশ
1190,দাগের,দাগ,দাগ
1191,লাহরী,লাহোর,লাহর
1192,অনুমোদিত,অনুমোদন,অনুমোদি
1193,উপস্থিত,উপস্থিত,উপস্থিত
1194,উঠানজুড়ে,উঠান,উঠান
1195,আত্মীয়টা,আত্মীয়,আত্মীয়
1196,অবরোধই,অবরোধ,অবরোধ
1197,বিজয়ই,বিজয়,বিজয়
1198,কুকুর,কুকুর,কুকুর
1199,কড়াইকে,কড়াই,কড়াই
1200,নানা,নানা,নানা
1201,শ্যামল,শ্যামল,শ্যামল
1202,ঈদগাহর,ঈদগাহ,ঈদগাহ
1203,পিছনেই,পিছনে,পিছনে
1204,অগ্রাধিকারগুলোকে,অগ্রাধিকার,অগ্রাধিকার
1205,অগ্রহায়ণে,অগ্রহায়ণ,অগ্রহায়ণ
1206,শালিকটি,শালিক,শালিক
1207,চামিচটিতে,চামিচ,চামিচ
1208,শেষের,শেষ,শেষ
1209,দয়াশীলের,দয়াশীল,দয়াশীল
1210,আবছাভাবে,আবছা,আবছা
1211,গণকেরা,গণক,গণ
1212,ফেরেস্তারা,ফেরেস্তা,ফেরেস্তা
1213,মাজারই,মাজার,মাজার
1214,উত্তেজিতই,উত্তেজিত,উত্তেজি
1215,স্ত্রীলোকেরা,স্ত্রীলোক,স্ত্রীলোক
1216,লতাকুঞ্জের,লতাকুঞ্জ,লতাকুঞ্জ
1217,প্রতিশোধ,প্রতিশোধ,প্রতিশোধ
1218,রিপোর্ট,রিপোর্ট,রিপোর্ট
1219,অতলেই,অতল,অতল
1220,নিন্দাকে,নিন্দা,নিন্দা
1221,খোলসা,খোলসা,খোলসা
1222,পুন্নাম,পুন্নাম,পুন্না
1223,তর্জন,তর্জন,তর্জন
1224,তেঁতুলই,তেঁতুল,তেঁতুল
1225,অনভ্যস্ত,অভ্যাস,অনভ্যস্ত
1226,বাতিলকে,বাতিল,বাতিল
1227,মানা,মানানো,মানা
1228,নতি,নতি,নতি
1229,অমান্যকারী,অমান্য,অমান্য
1230,প্রদীপবাবুর,প্রদীপবাবু,প্রদীপবাবুর
1231,সমস্যারে,সমস্যা,সমস্যার
1232,সরোবরের,সরোবর,সরোবর
1233,মন্দিরকে,মন্দির,মন্দির
1234,বপনে,বপন,বপন
1235,যৌবন,যুবক,যৌবন
1236,ইহলোকে,ইহলোক,ইহলোক
1237,দৌড়ী,দৌড়,দৌড়
1238,খাঁজটা,খাঁজ,খাঁজ
1239,কর্তব্যগুলিকে,কর্তব্য,কর্তব্য
1240,তেলঙ্গানাও,তেলঙ্গানা,তেলঙ্গানা
1241,বড়শীই,বড়শী,বড়শী
1242,ভাই,ভাই,ভা
1243,আপনই,আপন,আপন
1244,গণ্ডারটি,গণ্ডার,গণ্ডার
1245,শিশুকে,শিশু,শিশু
1246,হত্যা,হত্যা,হত্যা
1247,সৌরমণ্ডলের,সৌরমণ্ডল,সৌরমণ্ডল
1248,চিনা,চিনা,চিনা
1249,আনন্দে,আনন্দ,আনন্দ
1250,জুলুমটা,জুলুম,জুলুম
1251,পাইকারির,পাইকারি,পাইকারি
1252,বাতি,বাতি,বাতি
1253,ভাষা,ভাষা,ভাষা
1254,লুকাবে,লুকানো,লুকা
1255,অভদ্রভাবে,অভদ্র,অভদ্র
1256,সমাপ্ত,সমাপ্ত,সমাপ্ত
1257,অকুণ্ঠ,অকুণ্ঠ,অকুণ্ঠ
1258,কথাসাহিত্যিকসহ,কথাসাহিত্যিক,কথাসাহিত্যিক
1259,ঔষধালয়,ঔষধালয়,ঔষধাল
1260,অঙ্গীকারকে,অঙ্গীকার,অঙ্গীকার
1261,মনই,মন,মন
1262,বেদনায়,বেদনা,বেদনা
1263,অনুমিতই,অনুমিত,অনুমিত
1264,ছালায়,ছালা,ছালা
1265,খাটো,খাটো,খাটো
1266,উপজাতীয়তা,উপজাতীয়,উপজাতীয়
1267,তরবারি,তরবারি,তরবারি
1268,পাইলেন,পাওয়া,পাওয়া
1269,জীবনের,জীবন,জীবন
1270,নবজাতকের,নবজাতক,নবজাতক
1271,অচেনার,অচেনা,অচেনা
1272,তরিকার,তরিকা,তরিকা
1273,সাধারণত,সাধারণ,সাধারণ
1274,তামিলে,তামিল,তামিল
1275,পাড়েই,পাড়,পাড়
1276,গম্বুজ,গম্বুজ,গম্বুজ
1277,শতভাগই,শতভাগ,শতভাগ
1278,সামগ্রী,সমগ্র,সামগ্রী
1279,জগটা,জগ,জগ
1280,ভারতীয়,ভারত,ভারত
1281,দেবতাটিকে,দেবতা,দেবতাটি
1282,বাগ,বাগ,বাগ
1283,পারব,পারা,পারা
1284,ঘটিতেছিল,ঘটা,ঘটা
1285,উদঘাটনকারী,উদ্ঘাটন,উদ্ঘটন
1286,আজ্ঞানুবর্তী,আজ্ঞা,আজ্ঞানুবর্তী
1287,অন্যায়কে,অন্যায়,অন্যায়
1288,ওলন্দাজের,ওলন্দাজ,ওলন্দাজ
1289,ঘাতকের,ঘাতক,ঘাতক
1290,নবপ্রেমের,নবপ্রেম,নবপ্রেম
1291,চাঁদনীকে,চাঁদনী,চাঁদনী
1292,আদায়ই,আদায়,আদায়
1293,আবিষ্কারটি,আবিষ্কার,আবিষ্কার
1294,নিলো,নেওয়া,নিলো
1295,রূপসীই,রূপ,রূপ
1296,আবেগগুলো,আবেগ,আবেগ
1297,ঘটনার,ঘটনা,ঘটনা
1298,সংস্থাগুলি,সংস্থা,সংস্থা
1299,উদ্যোগেও,উদ্যোগ,উদ্যোগ
1300,হস্ত,হস্ত,হস্ত
1301,বাংলাদেশে,বাংলাদেশ,বাংলাদেশ
1302,ঔদ্ধত্য,ঔদ্ধত্য,ঔদ্ধত্য
1303,দুধটা,দুধ,দুধ
1304,মাতালের,মাতাল,মাতাল
1305,গর্জন,গর্জন,গর্জন
1306,মাজারকে,মাজার,মাজার
1307,বিনিয়োগের,বিনিয়োগ,বিনিয়োগ
1308,বসিতেছিলে,বসা,বসা
1309,বিবাহকাব্য,বিবাহ,বিবাহ
1310,প্রতিযোগিতাকে,প্রতিযোগিতা,প্রতিযোগিতা
1311,চুক্তির,চুক্তি,চুক্তি
1312,পালনের,পালন,পালন
1313,লিখেছিলুম,লেখা,লেখা
1314,ঔপন্যাসিকের,ঔপন্যাসিক,ঔপন্যাসিক
1315,হরিসভার,হরিসভা,হরিসভার
1316,লুকোতে,লুকানো,লুকো
1317,ব্যাণ্ডেজ,ব্যাণ্ডেজ,ব্যাণ্ড
1318,দৌড়াইবি,দৌড়,দৌড়
1319,সেখানে,সেখান,সেখান
1320,অন্ধবিশ্বাসে,অন্ধবিশ্বাস,অন্ধবিশ্বাস
1321,ইউয়ানের,ইউয়ান,ইউয়ান
1322,উজ্জীবনী,উজ্জীবন,উজ্জীবনী
1323,এবারই,এবার,এবার
1324,গালটা,গাল,গাল
1325,অ্যাজেন্ডাই,অ্যাজেন্ডা,অ্যাজেন্ডা
1326,ভুল,ভুল,ভুল
1327,গাজরকে,গাজর,গাজর
1328,মিষ্টিমুখে,মিষ্টিমুখ,মিষ্টিমুখে
1329,কুড়িতে,কুড়ি,কুড়ি
1330,চামচামির,চামচা,চামচামির
1331,সাষ্টাঙ্গে,সাষ্টাঙ্গ,সাষ্টাঙ্গ
1332,প্রাণনাশকে,প্রাণনাশক,প্রাণনাশক
1333,তেঁতুলটা,তেঁতুল,তেঁতুল
1334,কলিগুলো,কলি,কলি
1335,সাথীই,সাথী,সাথী
1336,অংশগ্রহণতো,অংশ,অংশ
1337,অধ্যুষিত,অধ্যুষিত,অধ্যুষ্ত
1338,বাতুলতারূপে,বাতুলতারূপ,বাতুলতার
1339,অন্নে,অন্ন,অন্ন
1340,দ্বিগুণ,দ্বিগুণ,দ্বি
1341,পুত্রই,পুত্র,পুত্র
1342,অঘটনই,অঘটন,অঘটন
1343,পাখিরডাক,পাখি,পাখির
1344,কাকতালীয়ই,কাকতালীয়,কাকতালীয়
1345,এটুকুই,এ,এটুকু
1346,জাপানের,জাপান,জাপান
1347,বিনাই,বিনা,বিনা
1348,ঘাস,ঘাস,ঘাস
1349,ঠিকাদাররা,ঠিকাদার,ঠিকাদার
1350,আপিলই,আপিল,আপিল
1351,বিবিধ,বিবিধ,বিবিধ
1352,ময়ূরকে,ময়ূর,ময়ূর
1353,শোনাব,শোনা,শোনা
1354,পিছাইতেন,পিছন,পিছন
1355,সংগঠনে,সংগঠন,সংগঠন
1356,নৃপতি,নৃপতি,নৃপত
1357,তিলকধারী,তিলকধারন,তিলকধারী
1358,দুষ্টও,দুষ্ট,দুষ্ট
1359,রাজদণ্ড,রাজদণ্ড,রাজ
1360,করিয়া,করা,করা
1361,কল্পনাও,কল্পনা,কল্পনা
1362,ফজরের,ফজর,ফজর
1363,আচরণকারী,আচরণ,আচরণ
1364,তৃপ্তই,তৃপ্ত,তৃপ্ত
1365,রাখালদের,রাখাল,রাখাল
1366,অক্ষক,অক্ষ,অক্ষ
1367,কুমরাটি,কুমড়া,কুমরা
1368,চুরির,চুরি,চুরি
1369,অক্টোবর,অক্টোবর,অক্টোবর
1370,অদ্বয়,অদ্বয়,অদ্বয়
1371,অখণ্ডিতভাবে,অখণ্ড,অখণ্ডপত
1372,গোলকটি,গোলক,গোলক
1373,আবর্জনাও,আবর্জনা,আবর্জনা
1374,ওর,ও,ও
1375,শুষে,শোষা,শুষ
1376,অধিগ্রহণকারীদের,অধিগ্রহণ,অধিগ্রহণ
1377,গর্ব,গর্ব,গর্ব
1378,আঁচড়ানো,আঁচড়ানো,আঁচড়ান
1379,অপরূপাকে,অপরূপ,অপরূপা
1380,চাচিই,চাচি,চাচি
1381,উদ্বৃত্ত,উদ্বৃত্ত,উদ্বৃত্ত
1382,অংশটাতে,অংশ,অংশ
1383,অপক্ষপাতিতা,অপক্ষপাত,অপক্ষপাত
1384,অপক্ষপাত,অপক্ষপাত,অপক্ষপাত
1385,মুহূর্তয়,মুহূর্ত,মুহূর্তয়
1386,নিশ্চিতরে,নিশ্চিত,নিশ্চিতর
1387,ফসলে,ফসল,ফসল
1388,তো,তো,তু
1389,অঙ্গীকার,অঙ্গীকার,অঙ্গীকার
1390,হাঁটা,হাঁটা,হাঁটা
1391,অপূর্ণতাকে,অপূর্ণ,অপূর্ণ
1392,খাজনা,খাজনা,খাজনা
1393,কম্পিতপদে,কম্পনপদ,কম্পিত
1394,একদিনের,একদিন,একদিন
1395,উপহাসের,উপহাস,উপহাস
1396,তাজার,তাজা,তাজা
1397,কবরস্থানগুলো,কবরস্থান,কবরস্থান
1398,লাবই,লাভ,লাব
1399,প্রস্ততকারি,প্রস্তুত,প্রস্তিকা
1400,উত্তমকে,উত্তম,উত্তম
1401,যাজকে,যাজক,যাজক
1402,জেলের,জেলে,জেল
1403,আস্তে,আস্ত,আস্তে
1404,অভাগারা,অভাগা,অভাগা
1405,উপকারগুলো,উপকার,উপকার
1406,তর্কে,তর্ক,তর্ক
1407,নাগিনী,নাগিনী,নাগিন
1408,খাটটার,খাট,খাট
1409,কর্তব্যরত,কর্তব্য,কর্তব্যর
1410,ওখানে,ওখান,ওখানে
1411,ধূসর,ধূসর,ধূসর
1412,বেশীও,বেশী,বেশী
1413,বলতেই,বলা,বলা
1414,আপ্তবাক্য,আপ্ত,আপ্ত্পক্য
1415,আয়োজনে,আয়োজন,আয়োজন
1416,খিটিমিটি,খিটিমিটি,খিটিমি
1417,ঐতিহ্যবাহী,ঐতিহ্য,ঐতিহ্যবাহী
1418,দেওয়াটা,দেওয়া,দেওয়া
1419,নারীটা,নারী,নারী
1420,থানা,থানা,থানা
1421,ঠেকেছে,ঠেকানো,ঠেকানো
1422,ব্যবহারের,ব্যবহার,ব্যবহার
1423,ছেলেটি,ছেলে,ছেলে
1424,কলহকে,কলহ,কলহ
1425,নামব,নামা,নামা
1426,আমটি,আম,আম
1427,ঘনফুটের,ঘনফুট,ঘনফুট
1428,উপকারী,উপকার,উপকারী
1429,অংশগ্রহণকারীও,অংশ,অংশ
1430,এলাকায়,এলাকা,এলাকা
1431,একটি,একটি,এক
1432,গাধা,গাধা,গাধা
1433,খেতাবও,খেতাব,খেতাব
1434,উচ্চাকাঙ্ক্ষাই,উচ্চাকাঙ্ক্ষা,উচ্চাকাঙ্ক্ষা
1435,প্রথমে,প্রথম,প্রথম
1436,নামটা,নাম,নাম
1437,অনুষ্ঠানকেই,অনুষ্ঠান,অনুষ্ঠান
1438,আঁচড়াতে,আঁচড়,আঁচড়
1439,কায়দাও,কায়দা,কায়দা
1440,রাজনীতিরই,রাজনীতি,রাজনীতি
1441,সমাজব্যবস্থা,সমাজব্যবস্থা,ব্থাব্যবস্থা
1442,অতক্ষণে,অত,অতক্ষণ
1443,লক্ষ্যেই,লক্ষ্য,লক্ষ্য
1444,অতুলন,অতুল,অতুল
1445,লিখছিলুম,লেখা,লেখা
1446,রহিয়া,রওয়া,রওয়া
1447,আওয়াজকে,আওয়াজ,আওয়াজ
1448,অরুচিকে,অরুচি,অরুচি
1449,উপস্থাপনকারী,উপস্থাপন,উপস্থাপন
1450,উত্ফুল্লই,উত্ফুল্ল,উত্ফুল্ল
1451,অধিবেশনকক্ষে,অধিবেশন,অধিবেশন
1452,ফলক,ফল,ফল
1453,দুটো,দুই,দুটো
1454,চৈত্রই,চৈত্র,চৈত্র
1455,অভাবও,অভাব,অভাব
1456,নেহরু,নেহরু,নেহরু
1457,আকৃতিগত,আকৃতি,আকৃতি
1458,অঘটন,অঘটন,অঘটন
1459,বিবাদকারী,বিবাদ,বিবাদ
1460,মুখ্য,মুখ্য,মুখ্য
1461,আবেদনকারীর,আবেদন,আবেদনকারী
1462,আবৃতার,আবৃত,আবৃতা
1463,বয়সের,বয়স,বয়স
1464,যেমনতেমন,যেমন,যেমন
1465,আপ্যায়ন,আপ্যায়ন,আপ্যায়ন
1466,এয়ারপোর্ট,এয়ারপোর্ট,এয়ারপোর্ট
1467,ঘটছিলি,ঘটা,ঘটা
1468,বাপের,বাপ,বাপ
1469,লুপে,লুপ,লুপ
1470,যাতনাকে,যাতনা,যাতনা
1471,চামচাদের,চামচা,চামচা
1472,উপভাষা,উপভাষা,উপভাষা
1473,কারখানাও,কারখানা,কারখানা
1474,নিরাশই,নিরাশ,নিরাশ
1475,হাতড়াচ্ছে,হাতড়ানো,হাতড়ানো
1476,তদপেক্ষা,অপেক্ষা,তদপেক্ষা
1477,খায়েশে,খায়েশ,খায়েশ
1478,গর্ভধারণী,গর্ভধারণ,গর্ভধারণ
1479,কাঁদাইলাম,কাঁদা,কাঁদা
1480,কাচিলেন,কাচা,কাচা
1481,ধুতিতে,ধুতি,ধুতি
1482,পরস্পরেরই,পরস্পর,পরস্পর
1483,আয়ও,আয়,আয়
1484,আধা,আধ,আধা
1485,কেসেই,কেস,কেস
1486,কাচাইয়াছিলে,কাচা,কাচা
1487,খোলসটা,খোলস,খোলস
1488,অপকীর্তিগুলো,অপকীর্তি,অপকীর্তি
1489,বসন্তে,বসন্ত,বসন্ত
1490,কার,কে,কে
1491,কামরায়,কামরা,কামরা
1492,আঙ্গিকগত,আঙ্গিক,আঙ্গিক
1493,পাত্রদের,পাত্র,পাত্র
1494,শিক্ষা,শিক্ষা,শিক্ষা
1495,কাটাবেন,কাটানো,কাটা
1496,আচ্ছাদনের,আচ্ছাদন,আচ্ছাদন
1497,প্রতিকূল,প্রতিকূল,প্রতিকূল
1498,আসামীকে,আসামী,আসামী
1499,ধ্বংসকে,ধ্বংস,ধ্বংস
1500,তাড়াহুড়া,তাড়াহুড়া,তাড়াহুড়া
1501,আহ্বায়কের,আহ্বায়ক,আহ্বায়ক
1502,লেজে,লেজ,লেজ
1503,কঙ্কালটা,কঙ্কাল,কঙ্কাল
1504,ইচ্ছাশক্তিই,ইচ্ছাশক্তি,ইচ্ছাশক্তি
1505,অতিআগ্রহী,অতি,অতি
1506,রাখিত,রাখা,রাখা
1507,ককটেলও,ককটেল,ককটেল
1508,সহিত,সহ,সহিত
1509,কাচাইলি,কাচা,কাচা
1510,আছড়ানো,আছড়া,আছড়ান
1511,কণা,কণা,কণা
1512,পড়িতে,পড়া,পড়ি
1513,আত্মসাৎসহ,আত্মসাৎ,আত্মসাৎ
1514,কয়েকশো,কয়েকশত,কয়েকশ
1515,চেষ্টাই,চেষ্টা,চেষ্টা
1516,অগ্নিপরীক্ষার,অগ্নিপরীক্ষা,অগ্নিপরীক্ষা
1517,ছবিটি,ছবি,ছবি
1518,ইসলামধর্মই,ইসলামধর্ম,ইসলামধর্ম
1519,সামাজিক,সমাজ,সামাজিক
1520,রডই,রড,রড
1521,শুভকে,শুভ,শুভ
1522,চলিতেন,চলা,চলা
1523,গীতিকবিতা,গীতিকবিতা,গীতিক
1524,শরীরকে,শরীর,শরীর
1525,বৌঠাকরুন,বৌঠাকরুন,বৌঠাকরুন
1526,আলতাকে,আলতা,আলতা
1527,ঐক্যই,ঐক্য,ঐক্য
1528,শাস্ত্রে,শাস্ত্র,শাস্ত্র
1529,সঙ্গীকে,সঙ্গী,সঙ্গী
1530,অন্নদাতা,অন্ন,অন্নদাতা
1531,অদূরবর্তী,অদূরবর্তী,অদূরবর্ত
1532,গোখরাটা,গোখরা,গোখরা
1533,স্বভাবতই,স্বভাব,ব্বভাবত
1534,তুলাই,তুলা,তুলা
1535,অনুসারীমাত্রই,অনুসারী,অনুসারী
1536,অধিকন্তু,অধিক,অধিকন্তু
1537,পীড়ায়,পীড়া,পীড়া
1538,আলিঙ্গনও,আলিঙ্গন,আলিঙ্গন
1539,উঠল,ওঠা,ওঠা
1540,খনিজ,খনিজ,খনি
1541,যন্ত্রটি,যন্ত্র,যন্ত্র
1542,ম্যাসড,ম্যাসড,ম্যাস
1543,দুধ,দুধ,দুধ
1544,অর্থগুলো,অর্থ,অর্থ
1545,ধিক্কৃত,ধিক্কার,ধিক্কৃত
1546,চিরুনিই,চিরুনি,চিরুনি
1547,অপরাধবোধের,অপরাধবোধ,অপরাধবোধ
1548,লজ্জাতে,লজ্জা,লজ্জা
1549,হিংসুকরা,হিংসুক,হিংসুকরা
1550,খোসায়,খোসা,খোসা
1551,শুয়াতে,শুয়া,শুয়া
1552,রসিকবিলে,রসিকবিল,রসিকবিল
1553,ঢাকাবাসী,ঢাকা,ঢাকাবাসী
1554,আরতিতে,আরতি,আরতি
1555,গাওয়ানো,গাওয়া,গাওয়া
1556,কামনাগুলো,কামনা,কামনা
1557,তুলা,তুলা,তুলা
1558,চরকিটা,চরকি,চরকি
1559,পারদটা,পারদ,পারদ
1560,উপদেশও,উপদেশ,উপদেশ
1561,গদ্যকে,গদ্য,গদ্য
1562,পাটির,পাটি,পাটি
1563,ইতিহাসই,ইতিহাস,ইতিহাস
1564,মনোবিদরা,মনোবিদ,মনোবিদরা
1565,ঐতিহ্যের,ঐতিহ্য,ঐতিহ্য
1566,চলিতে,চলা,চলা
1567,আত্মপরিচয়,আত্মপরিচয়,আত্মপরিচয়
1568,পোস্ত,পোস্ত,পোস্ত
1569,জিব্বাকে,জিব্বা,জিব্বা
1570,অচলাবস্থায়ই,অচলা,অচলা
1571,গাঠিয়ার,গাঠিয়া,গাঠিয়া
1572,ভোগে,ভোগ,ভোগ
1573,আনায়,আনা,আনা
1574,অচিরস্থায়ী,অচির,অচির
1575,নাচিতেন,নাচ,নাচ
1576,জানানো,জানা,জানা
1577,গিয়েছিলো,যাওয়া,গিয়ে
1578,রংধনুর,রংধনু,রংধনু
1579,বিনোদন,বিনোদন,বিনোদন
1580,দোকানই,দোকান,দোকান
1581,জিপিএস,জিপিএস,জিপি
1582,অক্টোপাস,অক্টোপাস,অক্টোপাস
1583,রুড়,রুড়,রুড়
1584,চরকাটি,চরকা,চরকা
1585,দাঁড়াইত,দাঁড়া,দাঁড়া
1586,বাড়িই,বাড়ি,বাড়ি
1587,নলই,নল,নল
1588,বললেও,বলা,বলা
1589,লবনাক্ত,লবন,লবনা
1590,কাছিমে,কাছিম,কাছিম
1591,তেজই,তেজ,তেজ
1592,কাচাইয়াছেন,কাচা,কাচা
1593,ঈদগাহ,ঈদগাহ,ঈদগাহ
1594,স্থানে,স্থান,স্থান
1595,তথাপি,তথাপি,তথাপি
1596,কর্মকর্তাকে,কর্মকর্তা,কর্মকর্তা
1597,কুঁজোয়,কুঁজ,কুঁজো
1598,আত্মজীবনীকে,আত্মজীবনী,আত্মজীবনী
1599,লবনের,লবন,লবন
1600,নাপিতটা,নাপিত,নাপিত
1601,আখ্যান,আখ্যান,আখ্যান
1602,নিয়মবশত,নিয়ম,নিয়ম
1603,যাইয়া,যায়,যাওয়া
1604,সুকোমল,সুকোমল,বিকোমল
1605,ওরফে,ওরফে,ওরফ
1606,চাবুকের,চাবুক,চাবুক
1607,কুর্নুল,কুর্নুল,কুর্নুল
1608,ঘণ্টা,ঘণ্টা,ঘণ্টা
1609,ঝুলানো,ঝুলা,ঝুলা
1610,বলেছে,বলা,বলা
1611,সাক্ষীর,সাক্ষী,সাক্ষীর
1612,লাশকে,লাশ,লাশক
1613,ভ্রমণ,ভ্রমণ,ভ্রমণ
1614,আয়ত্তগম্য,আয়ত্ত,আয়ত্ত
1615,খাওয়া,খাওয়া,খাওয়া
1616,হাজীকে,হাজী,হাজী
1617,গঠন,গঠন,গঠন
1618,ধাগা,ধাগা,ধাগা
1619,অসমতলই,অসমতল,অসমতল
1620,আইন,আইন,আইন
1621,আর্তনাদই,আর্তনাদ,আর্তনাদ
1622,করছে,করা,করা
1623,ভাগফল,ভাগফল,ভাগফল
1624,ভিসাটি,ভিসা,ভিসা
1625,আরোহী,আরোহী,আরোহী
1626,অভিনয়ও,অভিনয়,অভিনয়
1627,লোহাটা,লোহা,লোহা
1628,নলকূপটা,নলকূপ,নলকূপ
1629,পরিমাপই,পরিমাপ,পরিমাপ
1630,ঘুমাব,ঘুম,ঘুম
1631,উড়ানোর,উড়ান,উড়ান
1632,ধমকান,ধমক,ধমক
1633,ওয়ারিসান,ওয়ারিস,ওয়ারিসান
1634,বেলুনটা,বেলুন,বেলুন
1635,গানকে,গান,গান
1636,উদ্ঘাটনটা,উদ্ঘাটন,উদ্ঘাটন
1637,চটপটিটা,চটপটি,চটপটি
1638,কর্কটক,কর্কট,কর্কট
1639,অংশগ্রহণকালে,অংশ,অংশ
1640,অভিষিক্তর,অভিষিক্ত,অভিষিক্তর
1641,আংটায়,আংটা,আংটা
1642,যামিনীপতি,যামিনী,যামিনী
1643,সৃষ্টিবাদী,সৃষ্টি,সৃষ্টি
1644,উদযাপনে,উদযাপন,উদযাপন
1645,টব,টব,টব
1646,অমুকের,অমুক,অমুকে
1647,অভিজাতদের,অভিজাত,অভিজাত
1648,আইনানুগভাবেই,আইনানুগ,আইনানুগ
1649,দল,দল,দল
1650,আরক্ত,আরক্ত,আরক্ত
1651,আনছি,আনা,আনা
1652,পটাশিয়াম,পটাশিয়াম,পটাশিয়া
1653,অপমৃত্যুকে,অপমৃত্যু,অপমৃত্যু
1654,অক্ষরগুলো,অক্ষর,অক্ষর
1655,যাদুকরদেরই,যাদুকর,যাদুকর
1656,নেওয়াল,নেওয়া,নেওয়া
1657,হামলাকে,হামলা,হামলা
1658,অভ্যর্থনাটা,অভ্যর্থনা,অভ্যর্থনা
1659,আড়িতে,আড়ি,আড়ি
1660,পরেরই,পরে,পর
1661,আমলাতন্ত্র,আমলাতন্ত্র,আমলাতন্ত্র
1662,অভিনয়টি,অভিনয়,অভিনয়
1663,শ্রোতারাই,শ্রোতা,শ্রোতারা
1664,অমীমাংসিতই,অমীমাংসা,অমীমাংসা
1665,ব্যর্থতা,ব্যর্থ,ব্যর্থ
1666,ঘড়িই,ঘড়ি,ঘড়ি
1667,রামই,রাম,রাম
1668,খেলায়,খেলা,খেলা
1669,সংক্ষুব্ধ,সংক্ষুব্ধ,সংক্ষু
1670,অপ্রকৃতিস্থের,অপ্রকৃত,অপ্রকৃত
1671,ভালোবাসাতো,ভালোবাসা,ভালোবাসা
1672,পঁচিশই,পঁচিশ,পঁচিশ
1673,কলকাতা,কলকাতা,কলকাতা
1674,ফিরাই,ফিরা,ফিরা
1675,অনিষ্টাচরণ,অনিষ্ট,অনিষ্ট
1676,কৈশোর,কিশোর,কৈশোর
1677,অনাথালয়,অনাথ,অনাথ
1678,সন্ধ্যা,সন্ধ্যা,সন্ধ
1679,উন্নতকরণ,উন্নত,উন্নত
1680,আফগানরা,আফগান,আফগান
1681,ডিমটি,ডিম,ডিম
1682,আফ্রিকানরা,আফ্রিকান,আফ্রিকান
1683,কাচাইয়াছ,কাচা,কাচা
1684,কোমলে,কোমল,কোমল
1685,ঘ্রানই,ঘ্রান,ঘ্রান
1686,চ্যাপলিন,চ্যাপলিন,চ্যাপলিন
1687,ছাগলকে,ছাগল,ছাগল
1688,মহাকাশ,মহাকাশ,মহাকাশ
1689,বসার,বসা,বসার
1690,বয়সপ্রাপ্ত,বয়সপ্রাপ্ত,বয়সপ্রাপ্ত
1691,বিনা,বিনা,বিনা
1692,উপনেতাসহ,উপনেতা,উপন
1693,অতীতকেই,অতীত,অতীত
1694,আলোকিতই,আলোকিত,আলোকিত
1695,ফাল্গুনের,ফাল্গুন,ফাল্গুন
1696,কুকুরদের,কুকুর,কুকুর
1697,অপদস্থও,অপদস্থ,অপদস্থ
1698,অবমাননাকর,অবমাননা,অবমাননা
1699,অনুচ্ছেদও,অনুচ্ছেদ,অনুচ্ছেদ
1700,টিকাকরণ,টিকাকরণ,টিকাকরণ
1701,উজাড়,উজাড়,উজাড়
1702,অংশটুকুর,অংশ,অংশ
1703,ডিঙাতে,ডিঙা,ডিঙাত
1704,মক্কাতে,মক্কা,মক্কা
1705,ট্রাকই,ট্রাক,ট্রাক
1706,জুটিটা,জুটি,জুটি
1707,অগ্নিসংযোগে,অগ্নিসংযোগ,অগ্নিসংযোগ
1708,কুসুমরে,কুসুম,কুসুমর
1709,সুগন্ধি,সুগন্ধি,অন্ন্ধি
1710,অশিক্ষা,অশিক্ষা,অশিক্ষা
1711,কটাক্ষে,কটাক্ষ,কটাক্ষে
1712,স্থির,স্থির,স্থি
1713,বাক্যটা,বাক্য,বাক্য
1714,আগের,আগ,আগ
1715,স্কোয়্যারে,স্কোয়্যার,স্কোয়্যার
1716,বিকৃত,বিকৃত,বিকৃত
1717,আবিরাথন,আবির,আবিরাথন
1718,বেসরকারি,সরকার,বেসরকারি
1719,উপদ্রব,উপদ্রব,উপদ্রব
1720,অভ্যাসই,অভ্যাস,অভ্যাস
1721,আর্জিতে,আর্জি,আর্জা
1722,একাকিত্বগুলো,একাকিত্ব,একাকিত্ব
1723,হালাল,হালাল,হালাল
1724,আমীনের,আমীন,আমীন
1725,ঝোলানো,ঝোলানো,ঝুলান
1726,বাজিতে,বাজি,বাজানো
1727,বেগমেরা,বেগম,বেগম
1728,নিকটে,নিকট,নিক
1729,পূর্ববৎ,পূর্ব,পূর্বব
1730,এমন-কি,এমনকি,এমন
1731,পরের,পর,পর
1732,লোকজনে,লোকজন,লোকজন
1733,আবাহনীকে,আবাহনী,আবাহনী
1734,মাছই,মাছ,মাছ
1735,যন্ত্রদানবকে,যন্ত্রদানব,যন্ত্রদানবক
1736,করালে,করা,করা
1737,ধাতুতে,ধাতু,ধাতু
1738,মেধাবী,মেধাবী,মেধাবী
1739,অপকর্মে,অপকর্ম,অপকর্ম
1740,হাঁটলেও,হাঁটা,হাঁটল
1741,যথাযথ,যথা,যথাযথ
1742,জবাটা,জবা,জবা
1743,আর্তকণ্ঠ,আর্তকণ্ঠ,আর্তকণ্ঠ
1744,উত্তাপে,উত্তাপ,উত্তাপ
1745,অম্বুজ,অম্বু,অম্বু
1746,অদৃশ্যময়তায়ই,অদৃশ্য,অদৃশ্য
1747,ঘোষকই,ঘোষক,ঘোষক
1748,ইন্দুতা,ইন্দু,ইন্দুতা
1749,শয়তানই,শয়তান,শয়তান
1750,যথাসময়,যথা,যথা
1751,মদের,মদ,মদ
1752,কয়েদখানায়ও,কয়েদখানা,কয়েদখানা
1753,কাঁদত,কাঁদা,কাঁদা
1754,অসাধুদের,অসাধু,অসাধু
1755,প্রবলরূপে,প্রবলরূপ,প্রবলরূপ
1756,ঝড়ের,ঝড়,ঝড়
1757,আত্মপ্রচারবিমুখ,আত্মপ্রচার,আত্মপ্রচার
1758,উদ্দাম,উদ্দাম,উদ্দাম
1759,ওজনওয়ালা,ওজন,ওজন
1760,অনুন্নতিতে,অনুন্নত,অনুন্ন
1761,নক্ষত্রের,নক্ষত্র,নক্ষত্র
1762,গুণগান,গুণগান,গুণ
1763,কেরসিনটা,কেরসিন,কেরসিন
1764,বুভুক্ষুগণ,বুভুক্ষু,বুভুক্ষুগণ
1765,অকার্যকর,অকার্য,অকার্য
1766,নামান্তর,নামঅন্তর,নামান্তর
1767,ব্যাখ্যা,ব্যাখ্যা,ব্যাখ্যা
1768,দিবেন,দেওয়া,দিব
1769,পরিদর্শনেরই,পরিদর্শন,পরিদর্শন
1770,অনুঘটকত্বে,অনুঘটক,অনুঘটক
1771,দৌড়াস,দৌড়,দৌড়
1772,কনিষ্ঠজন,কনিষ্ঠ,কনিষ্ঠ
1773,তেঁতুল,তেঁতুল,তেঁতুল
1774,গম্ভীরই,গম্ভীর,গম্ভীর
1775,সমর্থন,সমর্থন,সমর্থন
1776,নামান,নামা,নামা
1777,দাঁড়াচ্ছিল,দাঁড়া,দাঁড়া
1778,আছড়ে,আছড়ানো,আছড়া
1779,অটুটতা,অটুট,অটুট
1780,সরাসরি,সরাসরি,সরাসরি
1781,অপকারি,অপকার,অপকার
1782,জিজ্ঞেসই,জিজ্ঞেস,জিজ্ঞেস
1783,ঘুরতে,ঘুর,ঘুর
1784,ইঁদুরই,ইঁদুর,ইঁদুর
1785,ঠকে,ঠকানো,ঠক
1786,পতঙ্গ,পতঙ্গ,পতঙ্গ
1787,গোশতকে,গোশত,গোশত
1788,হিঁচড়েছে,হিঁচড়া,হাঁচড়া
1789,চিকাটা,চিকা,চিকা
1790,অমনোযোগও,অমনোযোগ,অমনোযোগ
1791,ধমন,ধমন,ধমন
1792,চাহিবার,চাওয়া,চাহিবার
1793,তাঁকে,তিনি,তাঁক
1794,করিয়াই,করা,করা
1795,নবগোপালবাবুর,নবগোপালবাবু,নবগোপালবাবুর
1796,কাহার,কেহ,কাহার
1797,লিচুকে,লিচু,লিচু
1798,বলত,বলা,বলা
1799,শোভা,শোভা,শোভা
1800,অবনমনই,অবনমন,অবনমন
1801,প্রশাসনের,প্রশাসন,প্রশাসন
1802,পড়েছেন,পড়া,পড়া
1803,মসলা,মসলা,মসলা
1804,কড়া,কড়া,কড়া
1805,আস্তরণও,আস্তরণ,আস্তরণ
1806,রমণী,রমণী,রমণী
1807,যাজনকে,যাজন,যাজন
1808,অনিচ্ছাকৃত,অনিচ্ছা,অনিচ্ছা
1809,মানুষে,মানুষ,মানুষ
1810,জীবাণুর,জীবাণু,জীবাণুর
1811,শোভনদেব,শোভনদেব,শোভন
1812,কোঁচা,কোঁচা,কোঁচা
1813,আবিরপাড়া,আবির,আবির
1814,নির্দেশের,নির্দেশ,নির্দেশ
1815,উত্পাদককে,উত্পাদক,উত্পাদক
1816,কহিল,কহা,কহিল
1817,আখচাষিকে,আখ,আখ
1818,ভেজাল,ভেজাল,ভেজাল
1819,রান্না,রান্না,রান্না
1820,জেনেই,জানা,জেন
1821,ওড়নাটি,ওড়না,ওড়না
1822,সেবায়,সেবা,সেবায়
1823,তুচ্ছ,তুচ্ছ,তুচ্ছ
1824,রচিত,রচনা,রচিত
1825,মিথ্যা,মিথ্যা,মিথ্যা
1826,ইচ্ছুক,ইচ্ছুক,ইচ্ছুক
1827,কাটত,কাটা,কাটা
1828,ঔপন্যাসিকেরা,ঔপন্যাসিক,ঔপন্যাসিক
1829,শোচনীয়,শোচন,শোচন
1830,জিন,জিন,জিন
1831,আত্মশুদ্ধিই,আত্মশুদ্ধি,আত্মশুদ্ধি
1832,শেখানোর,শেখা,শেখা
1833,খয়রাতিপাড়া,খয়রাত,খয়রাত
1834,শহরতলি,শহরতল,শহর
1835,ভালোবাসাতে,ভালোবাসা,ভালোবাসা
1836,স্কুলঘরের,স্কুলঘর,স্কুলঘরের
1837,হাতড়েছিলাম,হাতড়ানো,হাতড়ানো
1838,ছিলাম,ছিল,ছিলা
1839,ছদ্মবেশধারী,ছদ্মবেশ,ছদ্মবেশ
1840,অধীরই,অধীর,অধীর
1841,পাহাড়ের,পাহাড়,পাহাড়
1842,জলকে,জল,জল
1843,উপলক্ষকে,উপলক্ষ,উপলক্ষ
1844,বর্ধনের,বর্ধন,বর্ধন
1845,অনুনয়ই,অনুনয়,অনুনয়
1846,পড়িয়াছিল,পড়া,পড়া
1847,অর্জনকে,অর্জন,অর্জন
1848,অনুমতিই,অনুমতি,অনুমতি
1849,অগোচরিত,অগোচর,অগোচরন
1850,আদলটি,আদল,আদল
1851,আবাসস্থলেও,আবাসস্থল,আবাসস্থল
1852,নায়করা,নায়ক,নায়করা
1853,বোতামের,বোতাম,বোতাম
1854,মুলাতে,মুলা,মুলা
1855,আমন্ত্রণে,আমন্ত্রণ,আমন্ত্রণ
1856,উদয়,উদয়,উদয়
1857,ব্রাক্ষ্মণের,ব্রাক্ষ্মণ,ব্রাক্ষ্মণ
1858,অনুসারীদেরও,অনুসারী,অনুসারী
1859,চাচাকে,চাচা,চাচা
1860,সংকটকে,সংকট,সংকট
1861,অপচয়কারী,অপচয়,অপচয়
1862,অকালমৃত্যুকেই,অকাল,অকাল
1863,বৈষয়িক,বৈষয়িক,বৈষয়
1864,ছিকাটি,ছিকা,ছিকা
1865,দরদটা,দরদ,দরদ
1866,শ্রোতাটার,শ্রোতা,শ্রোতাটা
1867,প্রয়াত,প্রয়াত,প্রয়াত
1868,কাছিম,কাছিম,কাছিম
1869,মাঝখানে,মাঝখান,মাঝখান
1870,উপক্রমণিকায়,উপক্রম,উপক্রম
1871,অপরাধী,অপরাধ,অপরাধ
1872,এলেই,আসা,এল
1873,উপত্যকাগুলো,উপত্যকা,উপত্যকা
1874,ডানাটি,ডানা,ডানা
1875,কাঁদবি,কাঁদা,কাঁদা
1876,আঙিনায়,আঙিনা,আঙিনা
1877,ডাম্পাতে,ডাম্পা,ডাম্পাত
1878,মিশ্রিত,মিশ্র,মিশ্রণ
1879,বলছে,বলা,বলা
1880,চলছে,চলা,চলা
1881,বিজড়িত,বিজড়িত,বিজড়ন
1882,সমুদ্রটিকে,সমুদ্র,সমুদ্র
1883,পরিচারিকা,পরিচারিকা,পরিচারিকা
1884,গ্রহাণুর,গ্রহঅণু,গ্রহঅণুর
1885,বনের,বন,বন
1886,বেরিয়েছি,বেরানো,বেরানো
1887,জীবনটায়,জীবন,জীবন
1888,শ্রম,শ্রম,শ্রম
1889,সাধুও,সাধু,সাধু
1890,নিন্দুকদের,নিন্দক,নিন্দক
1891,ধর্ষকরা,ধর্ষক,ধর্ষকরা
1892,কাটাইয়া,কাটা,কাটা
1893,পণ্ডিতমহাশয়,পণ্ডিতমহাশয়,পণ্ডিত
1894,ভেজালের,ভেজাল,ভেজাল
1895,হারায়,হারানো,হারা
1896,নামিয়া,নামা,নামা
1897,বিদ্যালয়ের,বিদ্যাআলয়,বিদ্যালয়
1898,পিছাইও,পিছন,পিছন
1899,যোগাচ্ছি,যোগান,যোগান
1900,কৃষকের,কৃষক,কৃষক
1901,জামাইরা,জামাই,জামাই
1902,কিছুক্ষণই,কিছুক্ষণ,কিছুক্ষণ
1903,অশোকার,অশোক,অশোকার
1904,বেলটায়,বেল,বেল
1905,কাটাকাটি,কাটা,কাটা
1906,কাফনের,কাফন,কাফন
1907,রাজাও,রাজা,রাজা
1908,শোয়াবো,শুয়া,শোয়া
1909,সাজাবো,সাজানো,বাজাবো
1910,জিজ্ঞেস,জিজ্ঞেস,জিজ্ঞেস
1911,কর্ণধারকে,কর্ণধার,কর্ণধারক
1912,আফশোস,আফশোস,আফশোস
1913,আহ্বায়ক,আহ্বায়ক,আহ্বায়ক
1914,শেখানোতে,শেখা,শেখা
1915,চকচকা,চকচক,চকচক
1916,উদরই,উদর,উদর
1917,বসেছে,বসা,বসা
1918,বুুড়ি,বুুড়ি,বুুড়ি
1919,পাবলিশার্সের,পাবলিশার্স,পাবলিশার্স
1920,বেলটা,বেল,বেল
1921,ভেটকিটা,ভেটকি,ভেটকি
1922,লিখবে,লেখা,লেখা
1923,অংশগুলো,অংশ,অংশ
1924,একটাকে,একটা,একটা
1925,আসক্তি,আসক্তি,আসক্তি
1926,নগরের,নগর,নগর
1927,ঠান্ডাকে,ঠান্ডা,ঠান্ডা
1928,বানরই,বানর,বানর
1929,বরংচো,বরং,বরং
1930,কফিনের,কফিন,কফিন
1931,নাগিনীকে,নাগিনী,নাগিনী
1932,উত্সাহটা,উত্সাহ,উত্সাহ
1933,কর্তব্যগুলোর,কর্তব্য,কর্তব্য
1934,হাতাবে,হাতানো,হাতানো
1935,আভাসে,আভাস,আভাস
1936,করাচ্ছেন,করা,করা
1937,গোলটাকে,গোল,গোল
1938,উত্থাপিত,উত্থাপন,উত্থাপন
1939,মণিতে,মণি,মণি
1940,জায়গাটাতে,জায়গা,জায়গাটাত
1941,ইসলামীদের,ইসলামী,ইসলামী
1942,তরমুজটি,তরমুজ,তরমুজ
1943,পুনঃ,পুনঃ,পুন
1944,হয়,হয়,হওয়া
1945,ভালোবাসাকে,ভালোবাসা,ভালোবাসা
1946,বোমার,বোম,বোমার
1947,অতুল,অতুল,অতুল
1948,ট্রলার,ট্রলার,ট্রলা
1949,মাপকাঠি,মাপকাঠি,মাপ
1950,ভরিয়া,ভরা,ভরিয়া
1951,কাটাইতেছিল,কাটা,কাটা
1952,আনি,আনা,আনা
1953,বর্ষে,বর্ষ,বর্ষ
1954,আত্মত্যাগী,আত্মত্যাগ,আত্মত্যাগী
1955,কামড়,কামড়,কামানো
1956,জৈবসার,জৈবসার,জৈব
1957,তরুণই,তরুণ,তরুণ
1958,রাগী,রাগ,রাগী
1959,মুক্তিই,মুক্তি,মুক্তি
1960,ছাগলদের,ছাগল,ছাগল
1961,সেরেস্তায়,সেরেস্তা,সেরেস্তা
1962,মামি,মামি,মামি
1963,মিনারের,মিনার,মিনারা
1964,বন্দী,বন্দী,বন্দী
1965,উচ্চশাখায়,উচ্চশাখা,উচ্চশাখা
1966,মশারিটা,মশারি,মশারি
1967,কর্মক্ষেত্র,কর্মক্ষেত্র,কর্মক্ষেত্র
1968,স্বপ্ন,স্বপ্ন,স্বপ্ন
1969,শান্তিনিকেতন,শান্তিনিকেতন,শান্তিনিক
1970,কাটিয়েছিলুম,কাটা,কাটা
1971,ধূমকেতুই,ধূমকেতু,ধূমকেতু
1972,কলাটির,কলা,কলা
1973,যোগাচ্ছিল,যোগান,যোগান
1974,আত্মকর্মী,আত্মকর্ম,আত্মকর্মী
1975,সিগারেটই,সিগারেট,সিগারেট
1976,ধোকাদে,ধোকা,ধোকা
1977,সুখাদ্য,সুখাদ্য,সুখাদ্য
1978,অসাধুর,অসাধু,অসাধু
1979,অপব্যবহারকারী,অপব্যবহার,অপব্যবহার
1980,অবরোধ,অবরোধ,অবরোধ
1981,রয়েছে,রওয়া,রওয়া
1982,পথিক,পথিক,পথিক
1983,অপরাধগুলো,অপরাধ,অপরাধ
1984,কলাকৌশলও,কলাকৌশল,কলাকৌশল
1985,নাচতে,নাচা,নাচ
1986,অব্দ,অব্দ,অব্দ
1987,বজ্রচকিতের,বজ্রচকিত,বজ্রচকিত
1988,জোরালো,জোর,জোরা
1989,অভিবাদনটা,অভিবাদন,অভিবাদন
1990,বৃদ্ধের,বৃদ্ধ,বৃদ্ধ
1991,গোলকে,গোলক,গোল
1992,খইয়ে,খই,খই
1993,চটিজুতা,চটিজুতা,চটি
1994,দিন,দেওয়া,দিন
1995,ছুড়িটা,ছুড়ি,ছুড়ি
1996,অক্ষরেখা,অক্ষরেখা,অক্ষরেখা
1997,বালতিটি,বালতি,বালতি
1998,দর্শনের,দর্শন,দর্শন
1999,অঙ্গনই,অঙ্গন,অঙ্গন
2000,দেওয়াইবে,দেওয়া,দেওয়া
2001,অক্টোবর,অক্টোবর,অক্টোবর
2002,অঙ্কনরীতি,অঙ্কন,অঙ্কন
2003,সদ্দৃষ্টান্ত,সৎদৃষ্টান্ত,সদ্দৃষ্টান্ত
2004,খরচের,খরচ,খরচ
2005,অনুল্লেখযোগ্য,অনুল্লেখ,অনুল্লেখ
2006,ক্লান্ত,ক্লান্ত,ক্লান্ত
2007,দশক,দশক,দশক
2008,পরিমল,পরিমল,পরা
2009,তিনসহস্র,তিনসহস্র,তিনসহস্র
2010,পিছান,পিছন,পিছন
2011,কাঁদাক,কাঁদা,কাঁদা
2012,লক্ষ্যর,লক্ষ্য,লক্ষ্যর
2013,দাবিতে,দাবি,দাবি
2014,স্কুলে,স্কুল,স্কুল
2015,ফুপুর,ফুপু,ফুপুর
2016,বৎসে,বৎস,বৎস
2017,লজ্জাই,লজ্জা,লজ্জা
2018,ডায়রিয়াতে,ডায়রিয়া,ডায়রিয়া
2019,পাউডারে,পাউডার,পাউডার
2020,ছাগলের,ছাগল,ছাগল
2021,বাঘটির,বাঘ,বাঘ
2022,আত্মবিসর্জনে,আত্মবিসর্জন,আত্মবিসর্জন
2023,অট্টালিকাটির,অট্টালিকা,অট্টালিকা
2024,কাচাবে,কাচা,কাচা
2025,জন্ডিসকে,জন্ডিস,জন্ডিস
2026,মদন,মদন,মদ
2027,অন্তর্ভুক্তকরণের,অন্তর্ভুক্ত,অন্তর্ভুক্ত
2028,ইংলিশও,ইংলিশ,ইংলিশ
2029,কটূক্তিপূর্ণ,কটূক্তি,কটূক্তি
2030,মৃত্যুভয়,মৃত্যু,মৃত্যু
2031,জেল,জেল,জেল
2032,মধ্যাহ্নের,মধ্যাহ্ন,মধ্যাহ্ন
2033,আক্রমণই,আক্রমণ,আক্রমণ
2034,লটকলের,লটকল,লটকল
2035,পার্শ্বে,পার্শ্ব,পার্শ্ব
2036,ফেব্রুয়ারি,ফেব্রুয়ারি,ফেব্রুয়ারি
2037,গুহার,গুহা,গুহার
2038,উদ্ধৃতিকারী,উদ্ধৃতি,উদ্ধৃতিকারী
2039,আনছেন,আনা,আনা
2040,থামান,থামা,থামা
2041,পাঠকের,পাঠক,পাঠক
2042,ছলছলে,ছলছল,ছল্
2043,মেসোটি,মেসো,মেসোটি
2044,গদ্যগুলো,গদ্য,গদ্য
2045,হইবে,হওয়া,হওয়া
2046,অংশীদারিতে,অংশীদার,অংশীদার
2047,বলালি,বলা,বলা
2048,হকের,হক,হক
2049,অবলম্বন,অবলম্বন,অবলম্বন
2050,অগভীরতার,অগভীর,অগভীর
2051,ছালাটা,ছালা,ছালা
2052,জগদীশ,জগদীশ,জগদীশ
2053,দিচ্ছিলি,দেওয়া,দেওয়া
2054,সম্পদ,সম্পদ,সম্পদ
2055,ইমারত,ইমারত,ইমারত
2056,লিখেন,লেখা,লেখা
2057,অনুজ্ঞায়,অনুজ্ঞা,অনুজ্ঞা
2058,সম্বন্ধে,সম্বন্ধে,সম্বন্ধ
2059,করিতেই,করা,করা
2060,স্বশাসন,স্বশাসন,অবশ্অসন
2061,ফাল্গুনে,ফাল্গুন,ফাল্গুন
2062,উত্কর্ষতা,উত্কর্ষ,উত্কর্ষ
2063,আইনসংগত,আইনসংগত,আইন
2064,উপাদানটি,উপাদান,উপাদান
2065,রাজপরিবারের,রাজপরিবার,রাজপরিবার
2066,জীবাণুতে,জীবাণু,জীবাণুত
2067,উঠলেন,ওঠা,ওঠা
2068,যেতে,যাওয়া,যাওয়া
2069,এতই,এত,এত
2070,ছোট্ট,ছোট্ট,ছোট্ট
2071,চুল,চুল,চুল
2072,পাঠিয়েছিল,পাঠানো,পাঠা
2073,তরবারিটি,তরবারি,তরবারি
2074,বহুদূরে,বহুদূরে,বহুদূর
2075,কনে,কনে,কন
2076,গণনাই,গণনা,গণনা
2077,অন্বেষণের,অন্বেষণ,অন্বেষণ
2078,কর্ণগোচর,কর্ণগোচর,কর্ণ
2079,কাণ্ডজ্ঞান,কাণ্ডজ্ঞান,কাণ্ডজ্ঞান
2080,খোপটি,খোপ,খোপ
2081,অভিষেকটা,অভিষেক,অভিষেক
2082,পাওয়া,পাওয়া,পাওয়া
2083,উচ্চাশা,উচ্চাশা,উচ্চাশা
2084,উত্তপ্তও,উত্তপ্ত,উত্তপ্ত
2085,তরিকাতে,তরিকা,তরিকা
2086,কর,করা,কর
2087,বিপাকক্রিয়াকে,বিপাকক্রিয়া,বিপাক
2088,পুরোপুরি,পুরো,পুরোপুর
2089,উদ্বিগ্নতায়,উদ্বিগ্ন,উদ্বিগ্ন
2090,নাগরিকদের,নাগরিক,নাগরিক
2091,বাজিল,বাজানো,বাজা
2092,কাঁদছিস,কাঁদা,কান্না
2093,রক্ষীর,রক্ষা,রক্ষা
2094,ক্ষিপ্রতার,ক্ষিপ্রতা,ক্ষিপ্র
2095,অত্যাচারী,অত্যাচার,অত্যাচার
2096,দিচ্ছিলুম,দেওয়া,দেওয়া
2097,আলোকে,আলোক,আলোক
2098,দৌড়বি,দৌড়,দৌড়
2099,আগেই,আগে,আগ
2100,উত্কর্ষে,উত্কর্ষ,উত্কর্ষ
2101,চেতনাসূচক,চেতনা,চেতনা
2102,হাজীত,হাজী,হাজী
2103,শুষ্কহাস্য,শুষ্কহাস্য,শুষ্কহাস্য
2104,নেত্র,নেত্র,নেত্র
2105,ধান,ধান,ধান
2106,যাইবি,যাওয়া,যাওয়া
2107,অপব্যবহারসহ,অপব্যবহার,অপব্যবহার
2108,অনপরাধিনী,অনপরাধ,অনপরাধ
2109,দুর্গাপুজোটি,দুর্গাপুজো,দুর্গাপুজো
2110,দাঁড়াচ্ছিস,দাঁড়া,দাঁড়া
2111,পি,পি,পি
2112,আত্মনিবেদনই,আত্মনিবেদন,আত্মনিবেদন
2113,বানরটি,বানর,বানর
2114,অকালরাত্রির,অকালরাত্র,অকাল
2115,খরচও,খরচ,খরচ
2116,অনাবৃষ্টি,অনাবৃষ্টি,অনাবৃষ্টি
2117,খরগোশটি,খরগোশ,খরগোশ
2118,অভিবাসনপত্র,অভিবাসন,অভিবাসন
2119,অচিরকালের,অচির,অচির
2120,কর্তারা,কর্তা,কর্তারা
2121,উঠানবৈঠক,উঠান,উঠান
2122,সক্রিয়ই,সক্রিয়,সক্রিয়
2123,অভিযোগকারী,অভিযোগকারী,অভিযোগকারী
2124,শনিবার,শনিবার,শনিবা
2125,বিপথই,বিপথ,বিপথ
2126,কয়েকদিন,কয়েকদিন,কয়েক
2127,হাতিয়েছিলো,হাতানো,হাতানো
2128,ক্লাউডই,ক্লাউড,ক্লাউড
2129,টিউশনি,টিউশনি,টিউশন
2130,আঞ্চলিকপর্বে,আঞ্চলিক,আঞ্চলিক
2131,বরফঝড়ের,বরফঝড়,বরফঝড়ন
2132,অনভিজ্ঞতাকেই,অনভিজ্ঞ,অনভিজ্ঞ
2133,অন্যায়গুলি,অন্যায়,অন্যায়
2134,সাথীকে,সাথী,সাথী
2135,বলাচ্ছিলি,বলা,বলা
2136,দেবতাটি,দেবতা,দেবতা
2137,আরশিয়ার,আরশি,আরশিয়া
2138,নাবার্ড,নাবার্ড,নাবার্ড
2139,বন্টনেরই,বন্টন,বন্টন
2140,উৎপাদক,উৎপাদক,উৎপাদক
2141,হাস্য,হাস্য,হাস্য
2142,ক্রিয়াকর্মে,ক্রিয়াকর্ম,ক্রিয়াকর্ম
2143,কাটলেম,কাটা,কাটা
2144,লিখতিস,লেখা,লেখা
2145,বিজোড়ই,বিজোড়,বিজোড়
2146,কাটাইতেছি,কাটা,কাটা
2147,খালুদের,খালু,খালু
2148,চক্রবর্তীর,চক্রবর্তী,চক্র
2149,কাটান,কাটা,কাটা
2150,আলুগাছে,আলু,আলু
2151,প্রতিবাদ,প্রতিবাদ,প্রতিবাদ
2152,অবয়বগত,অবয়ব,অবয়ব
2153,ঠাণ্ডা,ঠাণ্ডা,ঠাণ্ডা
2154,দৌড়ব,দৌড়,দৌড়
2155,মৃদু,মৃদু,মৃদু
2156,বছরই,বছর,বছর
2157,রায়লসীমা,রায়লসীমা,রায়র
2158,মুরগীটিতে,মুরগী,মুরগী
2159,অক্ষিপট,অক্ষি,অক্ষি
2160,চতুরতাপূর্ণ,চতুরতা,চতুরতাপূর্ণ
2161,খাচ্ছিলি,খাওয়া,খাওয়া
2162,ঝালই,ঝাল,ঝাল
2163,সমস্যাটা,সমস্যা,সমস্যা
2164,আক্ষরিকতার,আক্ষরিক,আক্ষরিক
2165,কৃষ্ণপ্রেমে,কৃষ্ণপ্রেম,কৃষ্ণপ্র
2166,বউ,বউ,বউ
2167,অধিবর্ষে,অধিবর্ষ,অধিবর্ষ
2168,জখম,জখম,জ
2169,অমূল্যায়নকৃত,অমূল্য,অমূল্যায়
2170,আয়ের,আয়,আয়ের
2171,বললুম,বলা,বলা
2172,গালে,গাল,গাল
2173,ক্ষত,ক্ষত,ক্ষত
2174,পরমাণুদের,পরমাণু,পরমাণু
2175,আংশিকভাবে,আংশিক,আংশিক
2176,গোলক,গোলক,গোলক
2177,কাহাকে,কেহ,কাহা
2178,খোলসে,খোলস,খোলস
2179,অল্পকজন,অল্প,অল্পক
2180,তালিকাতে,তালিকা,তালিকা
2181,ধুলাায়,ধুলা,ধুলা
2182,আগুনেও,আগুন,আগুন
2183,অন্ননালী,অন্ন,অন্ন
2184,দৌড়োদৌড়ি,দৌড়,দৌড়োদৌড়ি
2185,একাংশও,একাংশ,একাংশ
2186,আয়োজন,আয়োজন,আয়োজন
2187,অপবিত্রকরণই,অপবিত্র,অপবিত্র
2188,খিলাফটা,খিলাফ,খিলাফ
2189,অধস্তন,অধস্তন,অধস্তন
2190,ভোটেরই,ভোট,ভোট
2191,আখতার,আখতার,আখতা
2192,যুবতীকে,যুবক,যুবকী
2193,মতোই,মত,মতো
2194,খননই,খনন,খনন
2195,অরুণাচলে,অরুণাচল,অরুণা
2196,আহ্বানকে,আহ্বান,আহ্বান
2197,লোকে,লোক,লোক
2198,অকালকুষ্মাণ্ড,অকাল,অকাল
2199,কাটাই,কাটা,কাটা
2200,কাছেও,কাছে,কাছে
2201,রাবণই,রাবণ,রাবণ
2202,তামিলই,তামিল,তামিল
2203,কোনো,কোন,কোন
2204,চলাচল,চলাচল,চলা
2205,ঋতুটি,ঋতু,ঋতু
2206,আপেলে,আপেল,আপেল
2207,ছিকাতে,ছিকা,ছিকা
2208,অয়েলবাহী,অয়েল,অয়েল
2209,গীতিকবিতার,গীতিকবিতা,গীতিক
2210,ইন্দোনেশিয়া,ইন্দোনেশিয়া,ইন্দোনেশি
2211,বচ্চন,বচ্চন,বচ্চন
2212,চরিত্রে,চরিত্র,চরিত্র
2213,অদলবদলেই,অদলবদল,অদলবদল
2214,নীলের,নীল,নীল
2215,ফুসফুসটায়,ফুসফুস,ফুসফুস
2216,উপলব্ধির,উপলব্ধি,উপলব্ধি
2217,সেকালের,সেকাল,সেকাল
2218,সাহসীর,সাহসী,সাহসী
2219,অব্যয়ীভাব,অব্যয়,অব্যয়
2220,উদ্ভাবনীদের,উদ্ভাবনী,উদ্ভাবনী
2221,অমলকান্ত,অমল,অমল
2222,অভ্যন্তরীণবিষয়ক,অভ্যন্তর,অভ্যন্তর
2223,ঝড়ে,ঝড়,ঝড়ানো
2224,আচরণে,আচরণ,আচরণ
2225,গবেষণামূলক,গবেষণা,গরেষণামূল
2226,দাঁড়াইও,দাঁড়া,দাঁড়া
2227,পরতুম,পরা,পরা
2228,কাঞ্চনও,কাঞ্চন,কাঞ্চন
2229,অচিরেই,অচির,অচিরে
2230,খসড়াগুলো,খসড়া,খসড়া
2231,রীতিমত,রীতিমত,রীতিমত
2232,আক্রান্তদের,আক্রান্ত,আক্রান্ত
2233,মানভূমের,মানভূম,মানভূম
2234,চিত্তও,চিত্ত,চিত্ত
