,number,cleaned_number
0,'ঝ-০১০৬৩২৮'।,০১০৬৩২৮
1,(অনূর্ধ্ব-১৬),১৬
2,(অনূর্ধ্ব-২০),২০
3,(অপারেশন-১),১
4,(আন্কাবুত-৪৫),৪৫
5,(এমএইচ-১০২),১০২
6,"(ক্যাটাগরি-০৬),",০৬
7,"(ক্যাটাগরি-০৭),",০৭
8,(ক্যাটাগরি-০৯),০৯
9,(ক্যাটাগরি-১৩)।,১৩
10,(পটুয়াখালী-৪),৪
11,(ভি২০),২০
12,(রেটিং-২৪০৬),২৪০৬
13,(রেটিং-২৫০৩),২৫০৩
14,(১,১
15,(১),১
16,"(১,৩,৪",১৩৪
17,(১-০),১০
18,(১-০)।,১০
19,(১-১)।,১১
20,(১/৩২),১৩২
21,(১ম)।,১
22,(১০,১০
23,(১০),১০
24,"(১০),",১০
25,(১০:২৮,১০২৮
26,(১০২*),১০২
27,(১১),১১
28,"(১১),",১১
29,(১১)।,১১
30,"(১১,১৫০",১১১৫০
31,(১১০)।,১১০
32,(১১৪),১১৪
33,(১১৪*),১১৪
34,(১১৫/৭),১১৫৭
35,(১১৯),১১৯
36,(১২),১২
37,(১২)।,১২
38,(১২০/১)।,১২০১
39,(১৩,১৩
40,(১৩),১৩
41,"(১৩),",১৩
42,(১৩.৬,১৩৬
43,(১৩৫/৩)।,১৩৫৩
44,(১৪,১৪
45,(১৪),১৪
46,"(১৪),",১৪
47,(১৫),১৫
48,(১৫)।,১৫
49,(১৫.৯,১৫৯
50,(১৬,১৬
51,(১৬),১৬
52,(১৬)।,১৬
53,(১৬৩/৬),১৬৩৬
54,(১৬৪/৪)।,১৬৪৪
55,(১৭),১৭
56,"(১৭),",১৭
57,(১৭)।,১৭
58,(১৮),১৮
59,"(১৮),",১৮
60,(১৮)।,১৮
61,(১৮১.১),১৮১১
62,(১৮৯/৮),১৮৯৮
63,(১৯,১৯
64,(১৯),১৯
65,"(১৯),",১৯
66,(১৯০/৭)।,১৯০৭
67,(১৯৮৭),১৯৮৭
68,(১৯৯৬-৯৭),১৯৯৬৯৭
69,(২),২
70,(২)।,২
71,(২-০)।,২০
72,(২-১),২১
73,(২-১)।,২১
74,(২-২)।,২২
75,(২টা,২
76,(২য়,২
77,(২০,২০
78,(২০),২০
79,"(২০),",২০
80,(২০০),২০০
81,(২০১৬-১৭),২০১৬১৭
82,(২০১৬-১৯),২০১৬১৯
83,(২০১৬/১৭),২০১৬১৭
84,(২০১৮-২০),২০১৮২০
85,(২১),২১
86,"(২১),",২১
87,(২১)।,২১
88,(২২,২২
89,(২২),২২
90,"(২২),",২২
91,(২২)।,২২
92,(২৩),২৩
93,(২৩)।,২৩
94,(২৪),২৪
95,(২৪)।,২৪
96,(২৫),২৫
97,"(২৫),",২৫
98,(২৫)।,২৫
99,(২৬,২৬
100,(২৬),২৬
101,"(২৬),",২৬
102,(২৬)।,২৬
103,(২৬৩/৬),২৬৩৬
104,(২৭),২৭
105,"(২৭),",২৭
106,(২৭)।,২৭
107,(২৮),২৮
108,"(২৮),",২৮
109,(২৮)।,২৮
110,(২৯,২৯
111,(২৯),২৯
112,(২৯)।,২৯
113,(২৯১)।,২৯১
114,(২৯৯/১৭),২৯৯১৭
115,(৩),৩
116,(৩-০)।,৩০
117,(৩-১)।,৩১
118,(৩০),৩০
119,"(৩০),",৩০
120,(৩০)।,৩০
121,(৩০০,৩০০
122,(৩১),৩১
123,(৩২),৩২
124,(৩২)।,৩২
125,(৩৩),৩৩
126,(৩৪),৩৪
127,"(৩৪),",৩৪
128,(৩৪)।,৩৪
129,(৩৫),৩৫
130,"(৩৫),",৩৫
131,(৩৫)।,৩৫
132,(৩৬,৩৬
133,(৩৬),৩৬
134,(৩৬)।,৩৬
135,"(৩৭),",৩৭
136,(৩৮,৩৮
137,(৩৮),৩৮
138,(৩৮)।,৩৮
139,(৩৯*)।,৩৯
140,(৪),৪
141,(৪+৬)।,৪৬
142,(৪-০)।,৪০
143,(৪০),৪০
144,(৪০)।,৪০
145,(৪১)।,৪১
146,(৪২),৪২
147,(৪২)-র,৪২
148,(৪২)।,৪২
149,(৪৩),৪৩
150,(৪৪,৪৪
151,(৪৪),৪৪
152,(৪৫),৪৫
153,"(৪৫),",৪৫
154,(৪৫)।,৪৫
155,(৪৬),৪৬
156,(৪৭),৪৭
157,(৪৭)।,৪৭
158,(৪৮),৪৮
159,(৫,৫
160,(৫),৫
161,(৫০,৫০
162,(৫০),৫০
163,(৫০)।,৫০
164,(৫২),৫২
165,(৫২)।,৫২
166,(৫৩),৫৩
167,"(৫৩),",৫৩
168,"(৫৪),",৫৪
169,(৫৫),৫৫
170,"(৫৫),",৫৫
171,(৫৫)।,৫৫
172,(৫৬),৫৬
173,"(৫৬),",৫৬
174,(৫৭),৫৭
175,(৫৮),৫৮
176,"(৫৯),",৫৯
177,(৬,৬
178,(৬),৬
179,(৬+২৫৬,৬২৫৬
180,(৬০),৬০
181,(৬০)।,৬০
182,(৬২),৬২
183,(৬৩,৬৩
184,(৬৩),৬৩
185,"(৬৪),",৬৪
186,(৬৫),৬৫
187,(৭,৭
188,(৭),৭
189,(৭-৪),৭৪
190,(৭০),৭০
191,(৭০)।,৭০
192,(৭১)।,৭১
193,(৭৫),৭৫
194,(৭৭)।,৭৭
195,(৭৯,৭৯
196,(৭৯/১০),৭৯১০
197,(৮),৮
198,(৮)।,৮
199,(৮০),৮০
200,(৮০০,৮০০
201,(৮৪),৮৪
202,(৯,৯
203,(৯),৯
204,(৯)।,৯
205,(৯-০)।,৯০
206,(৯০),৯০
207,(৯০)।,৯০
208,+৭৮,৭৮
209,-৫৭টি।,৫৭
210,.৯২,৯২
211,0.5M৩।,৩
212,Ctrl+x৩৮।,৩৮
213,Disorder১১।,১১
214,center৮।,৮
215,vtbc১১।,১১
216,অ-১৪,১৪
217,অ-১৫,১৫
218,অ-১৬,১৬
219,অ-১৮,১৮
220,অ-১৯,১৯
221,অনূর্ধ্ব-১১,১১
222,অনূর্ধ্ব-১২,১২
223,অনূর্ধ্ব-১৩,১৩
224,অনূর্ধ্ব-১৪,১৪
225,অনূর্ধ্ব-১৪-১৬,১৪১৬
226,অনূর্ধ্ব-১৫,১৫
227,অনূর্ধ্ব-১৬,১৬
228,"অনূর্ধ্ব-১৬,",১৬
229,অনূর্ধ্ব-১৮,১৮
230,অনূর্ধ্ব-১৯,১৯
231,অনূর্ধ্ব-২১,২১
232,অনূর্ধ্ব-২৩,২৩
233,অনূর্ধ্ব-৮,৮
234,অরকেষ্টা১১।,১১
235,অর্ডিন্যান্স-১৯৮২’,১৯৮২
236,আইএল-৬,৬
237,আইন-২০০০,২০০০
238,আইন-২০০৯,২০০৯
239,আইন-২০১৩-এ,২০১৩
240,আইন-২০১৬’।,২০১৬
241,আইফোন৮,৮
242,আইসিইউ-১,১
243,আই৩,৩
244,"আই৯-৭৯২০এক্স,",৯৭৯২০
245,"আই৯-৭৯৪০এক্স,",৯৭৯৪০
246,"আই৯-৭৯৬০এক্স,",৯৭৯৬০
247,আই৯-৭৯৮০এক্সই।,৯৭৯৮০
248,আদালত-১,১
249,আদালত-৩,৩
250,আরটিআর-১৫০,১৫০
251,আর্সেনিকোসিস১১.,১১
252,আর৯এস,৯
253,ই-২,২
254,ই-৯,৯
255,ইউনিট-২,২
256,ইনিংস৪২৭,৪২৭
257,ইন্ডিজ)৪।,৪
258,ইব্রাহীম-২২,২২
259,ই২৪০।,২৪০
260,উইক-২০১৭,২০১৭
261,উত্থান৫০।,৫০
262,ঊঘ-০২০১১৬,০২০১১৬
263,এআর-১৫,১৫
264,এইচটিএমএল৫-এর,৫
265,একে-৪৭,৪৭
266,এক্স-৫,৫
267,এক্সজেড২।,২
268,এনইসি-২,২
269,এপ্রিল-২০১৬,২০১৬
270,এফ-১৭,১৭
271,এফ-২২,২২
272,এফ-৩৫বি,৩৫
273,এফ২,২
274,"এভারগ্রীন-৯২,",৯২
275,এমআই-১৭১,১৭১
276,এম৯,৯
277,এলজিএসপি-১,১
278,এলজিএসপি-২,২
279,এস৮-এর,৮
280,"এ৫,",৫
281,এ৭,৭
282,ওয়াচ-২০১৭,২০১৭
283,ক-০৩-৮৫৭৬,০৩৮৫৭৬
284,ক-২৪৪,২৪৪
285,ক/৭৪,৭৪
286,কক্সবাজার-৩,৩
287,কণিকা১১।,১১
288,কবিতা১০।,১০
289,কমেডি-৪২০,৪২০
290,কর্মপরিকল্পনা-২০১৭’,২০১৭
291,"কা-২৪৪,",২৪৪
292,কারাগার-২,২
293,কার্যালয়-১,১
294,কার্যালয়-২,২
295,কাশিমপুর-২,২
296,কেইউ-২৮৩,২৮৩
297,কে২-৩৩।,২৩৩
298,কোরয়েড৬।,৬
299,খেলায়২৪টি,২৪
300,গান৬।,৬
301,গুলশান-২,২
302,"গুলশান-২,",২
303,গ্রুপ-৪,৪
304,গ্রেড-১,১
305,গ্রেড-২,২
306,গ্রেড-৩,৩
307,গ্লাস৫৬।,৫৬
308,ঘোষ৯।,৯
309,চাঁপাইনবাবগঞ্জ-১,১
310,চুল্লি২৯।,২৯
311,জামালপুর-৩৫,৩৫
312,জি-২০,২০
313,জি-৭,৭
314,জিপিএ-৩.৫,৩৫
315,জিপিএ-৪,৪
316,জিপিএ-৫,৫
317,জি৭,৭
318,জুনিয়র-২,২
319,জোয়াপথ২৫,২৫
320,ট-১১-৮১১৫,১১৮১১৫
321,টাইপ-২,২
322,টাঙ্গাইল-১৯০২।,১৯০২
323,"টাঙ্গাইল-৭,",৭
324,টি-২০,২০
325,টিটু-১২,১২
326,টি২০,২০
327,ট্রাইবুন্যাল-৭,৭
328,ট্রাইব্যুনাল-১,১
329,ট্রাকসহ৫৮,৫৮
330,ঠিকানায়২০১৭,২০১৭
331,ডিএস-৩০,৩০
332,ডিএসই-৩০,৩০
333,ডেংফং-৪১,৪১
334,ঢাকা-১০০০।,১০০০
335,ঢাকা-১২০৭।,১২০৭
336,ঢাকা-১২১২।,১২১২
337,ঢাকা-১২১২’।,১২১২
338,ঢাকা-১২১৬;,১২১৬
339,ঢাকা-১২২৯।,১২২৯
340,ঢাকা-১২২৯’।,১২২৯
341,ঢাকা-১৩৪১।,১৩৪১
342,ঢাকা-২০,২০
343,"ঢাকা-২০,",২০
344,ঢাকা-৪,৪
345,ঢাকা-৫,৫
346,তাইপেডং-১,১
347,তারিখ-২০১০,২০১০
348,দিদি-২০১৭’,২০১৭
349,দিপীকা-৯,৯
350,দিবস-২০১৭,২০১৭
351,দুই২৩।,২৩
352,দু’জনই২৩,২৩
353,"ধোনি২৫,",২৫
354,নং-ই-২৩৬৭৫২৬৯৫।,২৩৬৭৫২৬৯৫
355,নং-০১৮১৭-০৪৩৪৮৭।,০১৮১৭০৪৩৪৮৭
356,নং-১০৫২৩।,১০৫২৩
357,"নং-২০৩০৫০৫,",২০৩০৫০৫
358,নং-২১৫৪৯৪,২১৫৪৯৪
359,"নং-২১৯১১,",২১৯১১
360,"নং-৩০৪৫,",৩০৪৫
361,নং-৬,৬
362,নদীভাঙন১৪.,১৪
363,নম্বর-০১৭৩০৯১০৯৫২,০১৭৩০৯১০৯৫২
364,নম্বর-০১৯৩৭৯০৭৩১৬,০১৯৩৭৯০৭৩১৬
365,"নম্বর-০২০০০০৩২৪৪০৫৪,",০২০০০০৩২৪৪০৫৪
366,নম্বর-০৩,০৩
367,"নম্বর-১০৭১৫১০০৫৬১৬৮,",১০৭১৫১০০৫৬১৬৮
368,"নম্বর-২৮০১৬৮৬৮৩১০০১,",২৮০১৬৮৬৮৩১০০১
369,"নম্বর-৩৬১১০৮,",৩৬১১০৮
370,"নম্বর-৪৪৩৫৪৩৪১২৮০১৯,",৪৪৩৫৪৩৪১২৮০১৯
371,"নম্বর-৬১২৩৪১,",৬১২৩৪১
372,নাম্বার-১৩’।,১৩
373,"নাম্বার-৭,",৭
374,নারায়ণগঞ্জ-১,১
375,নারায়ণগঞ্জ-৩,৩
376,নারায়ণগঞ্জ-৪,৪
377,নিউজ৮,৮
378,নীতিমালা-২০১৭,২০১৭
379,নোয়াখালী-৩,৩
380,নোয়াখালী১৯টি,১৯
381,নড়াইল-২,২
382,নয়৩।,৩
383,পর]১৩।,১৩
384,পিরোজপুর-১,১
385,পিরোজপুর-২,২
386,পুরস্কার-১৯৯৭’,১৯৯৭
387,পে-১-এর,১
388,প্যানেল-৩,৩
389,প্রণালি১২।,১২
390,প্রণোদনা/১৬,১৬
391,ফরিদপুর-২,২
392,ফেস্ট-২০১৭,২০১৭
393,ফ্যাব২,২
394,বক্সে৬।,৬
395,বছর১৫।,১৫
396,বন্দি১৯,১৯
397,বরিশাল-৩,৩
398,বরিশাল-৪,৪
399,বলছে-০,০
400,বস-২,২
401,বাংলানিউজ২৪.কমের,২৪
402,বাংলা২৬।,২৬
403,বালুখালি-২,২
404,বি-১,১
405,বি-১২√গ),১২
406,বি-১৭,১৭
407,বিজি-০২৬,০২৬
408,বিজিবি-১৪,১৪
409,বিশেষণ১০।,১০
410,বেড়েছে৫০,৫০
411,ব্যাটিংয়ে১৯১,১৯১
412,ব্যান্ড-২,২
413,ব্রি-২৯,২৯
414,বয়সে৩০।,৩০
415,ভল্ট-৭,৭
416,ভিন্নার্থক৯।,৯
417,ভিশন-২০২২,২০২২
418,ভিশন-২০৩০,২০৩০
419,ভোলা-২,২
420,মাধ্যমটি২০১২,২০১২
421,মাস-২০১৭,২০১৭
422,মাহমুদউল্লাহ২-০-৫-২।,২০৫২
423,মিগ-২৯এস,২৯
424,মিরপুর-১১,১১
425,মিরপুর-২-এ,২
426,মিরাগ-২০০০এস,২০০০
427,মেট্রো-ট-১৪-৫৬৫০,১৪৫৬৫০
428,"মেলা-১৪২৪,",১৪২৪
429,মেয়র-১,১
430,মেয়র-২,২
431,মোবাইল-০১৭১২০৯৭১৬৯)।,০১৭১২০৯৭১৬৯
432,মোবাইল-০১৯৮১৮৩৫৫০),০১৯৮১৮৩৫৫০
433,ময়মনসিংহ-১,১
434,যপবিস-২,২
435,যশোর-৩,৩
436,যায়০-২,০২
437,রইলেন১,১
438,রখযাত্রা-২০১৬,২০১৬
439,রহিম৬৭ভারতের,৬৭
440,"রোড-৪,",৪
441,রোল-১৭।,১৭
442,"র্যাব-৯,",৯
443,র‌্যাব-১-এর,১
444,র‌্যাব-১০,১০
445,র‌্যাব-১১,১১
446,র‌্যাব-১২,১২
447,র‌্যাব-২,২
448,র‌্যাব-২-এর,২
449,র‌্যাব-৩,৩
450,র‌্যাব-৪-এ,৪
451,র‌্যাব-৪-এর,৪
452,র‌্যাব-৫,৫
453,র‌্যাব-৬,৬
454,র‌্যাব-৭,৭
455,র‌্যাব-৭-এর,৭
456,র‌্যাব-৭।,৭
457,র‌্যাব-৮,৮
458,র‌্যাব-৯-এর,৯
459,র‌্যাম২৯।,২৯
460,লীগ-২,২
461,"শিক্ষাবর্ষ-২০০৮-২০০৯,",২০০৮২০০৯
462,সংখ্যা-৯৪।,৯৪
463,সংখ্যা২২।,২২
464,সত্য৫।,৫
465,সমাস৬।,৬
466,সমিতি-১,১
467,সমিতি-১কে,১
468,সমিতি-২,২
469,সমিতি-২-এর,২
470,সমিতি-৩,৩
471,সম্মেলন-২০১৬’,২০১৬
472,সম্মেলন-২০১৭,২০১৭
473,সরীসৃপ৩।,৩
474,সর্বোচ্চ৩০১৬আন্তর্জাতিক,৩০১৬
475,সি-৩৭’,৩৭
476,সিপিসি-৩,৩
477,সিরাজগঞ্জ২৮-২৭,২৮২৭
478,সিলেট-১,১
479,সিলেট-৩,৩
480,"সুকোই-৩০এমকেআইএস,",৩০
481,সুরভী-৭।,৭
482,সেকশন-১১,১১
483,সেন্ট্রোমিয়ার৫২।,৫২
484,স্ক্যানারের১৫।,১৫
485,স্যাটেলাইট-১’,১
486,হাবিবুল্লাহ(২২),২২
487,হামজাল(২৪),২৪
488,"হোপ১৪৭,",১৪৭
489,হোয়াসং-১৪,১৪
490,"০*,",০
491,০*।,০
492,"০,",০
493,০-৩,০৩
494,"০-৬,",০৬
495,০.০১,০০১
496,০.০৩,০০৩
497,০.২৯,০২৯
498,০.৩,০৩
499,০.৮,০৮
500,০.৮৫,০৮৫
501,০১-০২,০১০২
502,০১৩,০১৩
503,০১৫২০০৯০৫৮৩,০১৫২০০৯০৫৮৩
504,০১৫৪৭১৬।,০১৫৪৭১৬
505,"০১৫৫২৩৬৫৫৪২,",০১৫৫২৩৬৫৫৪২
506,০১৬৪১০৫৫০১১৯০৮,০১৬৪১০৫৫০১১৯০৮
507,০১৭১০৯৪১১৯৯।,০১৭১০৯৪১১৯৯
508,"০১৭১১-২৬০৩২৬,",০১৭১১২৬০৩২৬
509,"০১৭১১-৩৭১২৯৬,",০১৭১১৩৭১২৯৬
510,"০১৭১১১৬৫০০৮,",০১৭১১১৬৫০০৮
511,০১৭১১৫৮৯১৮২,০১৭১১৫৮৯১৮২
512,"০১৭১২০৫৯৭৮৭,",০১৭১২০৫৯৭৮৭
513,"০১৭১২১৬৩৪৩৪,",০১৭১২১৬৩৪৩৪
514,০১৭১৩৩৩২৬৬১।,০১৭১৩৩৩২৬৬১
515,"০১৭১৫-০৬৩১১১,",০১৭১৫০৬৩১১১
516,০১৭১৫-৫০৬০৩০,০১৭১৫৫০৬০৩০
517,"০১৭১৮০৮৬৯৮৫,",০১৭১৮০৮৬৯৮৫
518,০১৭২১-৭০৬৩৫১,০১৭২১৭০৬৩৫১
519,"০১৭২৭-৪৫০৪৬৪,",০১৭২৭৪৫০৪৬৪
520,০১৭৭৯৫৯৫২০৭।,০১৭৭৯৫৯৫২০৭
521,০১৭৮৩৩৫৪৭৪৭,০১৭৮৩৩৫৪৭৪৭
522,০১৮২৪-৩৩১০৩২,০১৮২৪৩৩১০৩২
523,০২,০২
524,০৩,০৩
525,০৩২১১২০১০০৯৭২)।,০৩২১১২০১০০৯৭২
526,০৩৪১-৬৩২৬৩,০৩৪১৬৩২৬৩
527,০৩৪৬৫৮৮।,০৩৪৬৫৮৮
528,০৫,০৫
529,০৬,০৬
530,০৭,০৭
531,০৭/২০০৭,০৭২০০৭
532,০৯,০৯
533,০৯-০৫টাযা,০৯০৫
534,০৯/১০/২০১৬ইং।,০৯১০২০১৬
535,০৯০০১১১৬৪৩২৭।,০৯০০১১১৬৪৩২৭
536,১,১
537,১'শ,১
538,"১,",১
539,"১,৬০,০০,০০০",১৬০০০০০০
540,"১,৮৮৯",১৮৮৯
541,১-এর,১
542,১-০,১০
543,"১-০-১৮-০,",১০১৮০
544,"১-০-৩-০,",১০৩০
545,১-০তে,১০
546,১-১,১১
547,১-১৮,১১৮
548,১-২,১২
549,১.,১
550,১.অ্যাপটির,১
551,১.০৩,১০৩
552,১.৩,১৩
553,১.৬,১৬
554,১.৮৫,১৮৫
555,১.৯,১৯
556,১/১১,১১১
557,"১/২০৩,",১২০৩
558,"১/২৪,",১২৪
559,১/৩০)।,১৩০
560,"১/৪৯,",১৪৯
561,১/৬২)।,১৬২
562,১:১৮৭৫।,১১৮৭৫
563,১:২:৪,১২৪
564,১:২৭।,১২৭
565,১:৪,১৪
566,১:৬,১৬
567,১:৬:১২,১৬১২
568,১:৮,১৮
569,১।,১
570,১খ.,১
571,১টা,১
572,১টা)।,১
573,১টা।,১
574,১টার,১
575,১টায়,১
576,"১টায়,",১
577,১টি,১
578,১টিই,১
579,১টিতে,১
580,১নং,১
581,১ম,১
582,১শ’,১
583,১শ’টি,১
584,১সিলেট,১
585,১হাজার,১
586,১০,১০
587,১০%,১০
588,"১০,",১০
589,"১০,০০০",১০০০০
590,১০-এর,১০
591,১০-১১,১০১১
592,১০-১২,১০১২
593,১০-১২টি,১০১২
594,১০-১৫,১০১৫
595,১০-২০,১০২০
596,১০-৪,১০৪
597,১০.,১০
598,১০.০০,১০০০
599,১০.৪৫টা।,১০৪৫
600,১০.৫,১০৫
601,১০.৭২,১০৭২
602,১০.৮৬,১০৮৬
603,"১০/এ,",১০
604,১০/১২,১০১২
605,১০/১২টি,১০১২
606,১০/২০,১০২০
607,১০।,১০
608,১০জন,১০
609,১০টা,১০
610,"১০টা,",১০
611,১০টা।,১০
612,১০টার,১০
613,১০টায়,১০
614,"১০টায়,",১০
615,১০টায়।,১০
616,১০টি,১০
617,"১০টি,",১০
618,১০টিই,১০
619,১০তলার,১০
620,১০দিন,১০
621,১০নং,১০
622,১০ম,১০
623,১০মে,১০
624,১০০,১০০
625,"১০০,",১০০
626,১০০-এর,১০০
627,১০০-১২০০,১০০১২০০
628,১০০।,১০০
629,১০০টি,১০০
630,১০০টি।,১০০
631,১০০তম,১০০
632,১০০০,১০০০
633,১০০০।,১০০০
634,১০০৬টি,১০০৬
635,১০০’র,১০০
636,১০১,১০১
637,"১০১/৪,",১০১৪
638,১০১৭,১০১৭
639,১০২,১০২
640,১০২টি,১০২
641,১০৩,১০৩
642,১০৩টি,১০৩
643,১০৪,১০৪
644,"১০৪,",১০৪
645,১০৪টি,১০৪
646,১০৫,১০৫
647,"১০৫-১০৬,",১০৫১০৬
648,১০৫টি,১০৫
649,"১০৫১০১০৪৯৮২৯৮,",১০৫১০১০৪৯৮২৯৮
650,১০৬,১০৬
651,১০৬টি,১০৬
652,১০৬৭,১০৬৭
653,১০৭,১০৭
654,"১০৭,",১০৭
655,১০৭টি,১০৭
656,১০৭তম,১০৭
657,১০৭৪,১০৭৪
658,১০৮,১০৮
659,১০৮জন,১০৮
660,১০৮টি,১০৮
661,১০৮০*১৯২০,১০৮০১৯২০
662,১০৮৮,১০৮৮
663,১০৯,১০৯
664,"১০৯,",১০৯
665,১০৯.৭,১০৯৭
666,১১,১১
667,"১১,",১১
668,১১-১২,১১১২
669,১১-৩৭৪২),১১৩৭৪২
670,১১.৪-৬-১৬-৫।,১১৪৬১৬৫
671,১১.৯৯,১১৯৯
672,১১/১/এ,১১১
673,১১।,১১
674,১১ইরানের,১১
675,১১টা,১১
676,"১১টা,",১১
677,১১টা।,১১
678,১১টার,১১
679,১১টায়,১১
680,"১১টায়,",১১
681,১১টায়।,১১
682,১১টি,১১
683,১১টিই,১১
684,১১টিকে,১১
685,১১টির,১১
686,১১টিশিক্ষাগত,১১
687,১১নং,১১
688,১১০,১১০
689,১১০টিকেই,১১০
690,১১০টির,১১০
691,১১০২,১১০২
692,১১১,১১১
693,১১১টি,১১১
694,১১১নং,১১১
695,১১২,১১২
696,১১২-এ,১১২
697,১১৩,১১৩
698,১১৩০,১১৩০
699,১১৩৪,১১৩৪
700,১১৩৪টি।,১১৩৪
701,১১৪,১১৪
702,১১৪টি,১১৪
703,১১৪নং,১১৪
704,১১৫,১১৫
705,১১৫০,১১৫০
706,১১৬,১১৬
707,১১৬(ক),১১৬
708,১১৭,১১৭
709,১১৭-৪৩,১১৭৪৩
710,১১৮,১১৮
711,১১৮৪,১১৮৪
712,১১৮৪।,১১৮৪
713,১১৯,১১৯
714,১১৯টি,১১৯
715,১১৯তম,১১৯
716,১২,১২
717,"১২*,",১২
718,১২*।,১২
719,"১২,",১২
720,১২-০,১২০
721,১২-১৩,১২১৩
722,১২-২০,১২২০
723,১২-৩,১২৩
724,১২.১৫,১২১৫
725,"১২.৪-৪-৪১-৬,",১২৪৪৪১৬
726,১২.৫,১২৫
727,১২.৯,১২৯
728,১২/এ,১২
729,১২/বি/৮,১২৮
730,১২/১৩,১২১৩
731,১২টা,১২
732,"১২টা,",১২
733,১২টার,১২
734,১২টায়,১২
735,"১২টায়,",১২
736,১২টি,১২
737,১২টি।,১২
738,১২টিতে।,১২
739,১২তম,১২
740,১২শ’,১২
741,১২০,১২০
742,১২০টি,১২০
743,১২০টির,১২০
744,১২০তম,১২০
745,১২০০,১২০০
746,১২০৪-এ।,১২০৪
747,১২১,১২১
748,১২২,১২২
749,১২২।,১২২
750,১২২টি,১২২
751,১২৩,১২৩
752,১২৩(ক)১২৪(ক)৫০০/৫০২/৫০৫।,১২৩১২৪৫০০৫০২৫০৫
753,১২৩টি,১২৩
754,১২৩৪৫,১২৩৪৫
755,১২৪,১২৪
756,"১২৪*,",১২৪
757,১২৫,১২৫
758,১২৫টি,১২৫
759,১২৬,১২৬
760,১২৭,১২৭
761,১২৭জন,১২৭
762,১২৭টি,১২৭
763,১২৭৮নং,১২৭৮
764,১২৮,১২৮
765,১২৯,১২৯
766,১৩,১৩
767,"১৩,",১৩
768,১৩-এর,১৩
769,১৩-১১,১৩১১
770,১৩-১২,১৩১২
771,১৩-১৪,১৩১৪
772,১৩-১৫,১৩১৫
773,১৩-১৬,১৩১৬
774,১৩.২,১৩২
775,১৩.৩৮,১৩৩৮
776,১৩।,১৩
777,১৩খ,১৩
778,১৩টি,১৩
779,১৩টিতেই,১৩
780,১৩তম,১৩
781,১৩নং,১৩
782,১৩শ’,১৩
783,১৩০,১৩০
784,১৩০।,১৩০
785,১৩০টি,১৩০
786,১৩১,১৩১
787,১৩১নং,১৩১
788,১৩২,১৩২
789,১৩২/৩৩,১৩২৩৩
790,১৩২০।,১৩২০
791,১৩৩,১৩৩
792,১৩৩তম,১৩৩
793,১৩৩২,১৩৩২
794,১৩৩৩,১৩৩৩
795,১৩৪,১৩৪
796,"১৩৪,",১৩৪
797,১৩৪তম,১৩৪
798,১৩৫,১৩৫
799,১৩৫টি,১৩৫
800,১৩৫টিই,১৩৫
801,১৩৬,১৩৬
802,১৩৭,১৩৭
803,১৩৭টি,১৩৭
804,১৩৭৭৬৯।,১৩৭৭৬৯
805,১৩৮,১৩৮
806,১৩৯,১৩৯
807,"১৩৯/১০,",১৩৯১০
808,১৪,১৪
809,"১৪,",১৪
810,১৪-১৫,১৪১৫
811,১৪-১৫টি,১৪১৫
812,১৪.৫,১৪৫
813,১৪.৭,১৪৭
814,১৪.৭৬,১৪৭৬
815,১৪.৯৫,১৪৯৫
816,১৪জন,১৪
817,১৪টি,১৪
818,১৪টিতেই,১৪
819,১৪তম,১৪
820,১৪নং,১৪
821,১৪শ’,১৪
822,১৪০,১৪০
823,১৪০কিমি.,১৪০
824,১৪০টি,১৪০
825,১৪১,১৪১
826,"১৪১টি,",১৪১
827,১৪২,১৪২
828,১৪২২,১৪২২
829,১৪২২-১৪২৪,১৪২২১৪২৪
830,১৪২৩-এর,১৪২৩
831,১৪৩,১৪৩
832,১৪৩.৪,১৪৩৪
833,১৪৩।,১৪৩
834,১৪৪,১৪৪
835,১৪৪টি,১৪৪
836,১৪৫,১৪৫
837,১৪৫তম।,১৪৫
838,১৪৬/৬,১৪৬৬
839,১৪৭,১৪৭
840,১৪৮,১৪৮
841,১৪৯,১৪৯
842,১৪৯.৫৫,১৪৯৫৫
843,১৪৯০,১৪৯০
844,১৫,১৫
845,১৫%,১৫
846,১৫-১৬,১৫১৬
847,১৫-১৬টি,১৫১৬
848,১৫-২০,১৫২০
849,১৫-২০টি,১৫২০
850,১৫.৫০,১৫৫০
851,১৫.৬০,১৫৬০
852,১৫/১৬৮)।,১৫১৬৮
853,১৫/২০,১৫২০
854,১৫।,১৫
855,১৫জন,১৫
856,১৫টি,১৫
857,১৫টি।,১৫
858,১৫তম,১৫
859,১৫তলা,১৫
860,১৫নং,১৫
861,১৫শ’,১৫
862,১৫০,১৫০
863,"১৫০,",১৫০
864,১৫০-৩০০,১৫০৩০০
865,১৫০টি,১৫০
866,১৫০০,১৫০০
867,১৫০২-০৩,১৫০২০৩
868,১৫০৭,১৫০৭
869,১৫১,১৫১
870,১৫১)।,১৫১
871,১৫১-র,১৫১
872,১৫২,১৫২
873,১৫২।,১৫২
874,১৫৩,১৫৩
875,১৫৩।,১৫৩
876,১৫৩টি,১৫৩
877,১৫৪,১৫৪
878,"১৫৪*,",১৫৪
879,১৫৫,১৫৫
880,১৫৫টি,১৫৫
881,১৫৫৫/২০১৫),১৫৫৫২০১৫
882,১৫৬,১৫৬
883,"১৫৬/১০,",১৫৬১০
884,১৫৬টি,১৫৬
885,১৫৬তম,১৫৬
886,১৫৭,১৫৭
887,১৫৭নং,১৫৭
888,১৫৮,১৫৮
889,১৫৮টি,১৫৮
890,১৫৯,১৫৯
891,১৬,১৬
892,১৬%।,১৬
893,"১৬,",১৬
894,১৬-১৮,১৬১৮
895,১৬-২০,১৬২০
896,১৬-৫,১৬৫
897,১৬.০৪১,১৬০৪১
898,১৬.৪,১৬৪
899,১৬।,১৬
900,১৬জিবি,১৬
901,১৬টি,১৬
902,১৬টি।,১৬
903,১৬তম,১৬
904,১৬নং,১৬
905,১৬শ’,১৬
906,১৬০,১৬০
907,১৬০হ্ন,১৬০
908,১৬০০-এর,১৬০০
909,১৬১,১৬১
910,১৬২,১৬২
911,১৬২তম,১৬২
912,১৬২২২,১৬২২২
913,১৬৩,১৬৩
914,১৬৩টি,১৬৩
915,১৬৪,১৬৪
916,১৬৪টি,১৬৪
917,১৬৫৫,১৬৫৫
918,১৬৬,১৬৬
919,১৬৬টি,১৬৬
920,১৬৮,১৬৮
921,১৬৯.৭৯।,১৬৯৭৯
922,১৭,১৭
923,"১৭,",১৭
924,১৭-০,১৭০
925,"১৭-১৭,",১৭১৭
926,১৭-১৮শ’,১৭১৮
927,১৭-২১,১৭২১
928,১৭.৫,১৭৫
929,১৭টি,১৭
930,"১৭টি,",১৭
931,১৭টির,১৭
932,১৭তম,১৭
933,১৭নং,১৭
934,১৭সৌম্য,১৭
935,১৭০,১৭০
936,১৭০টি,১৭০
937,১৭০০,১৭০০
938,১৭১,১৭১
939,১৭২,১৭২
940,১৭২টি,১৭২
941,১৭২৫,১৭২৫
942,১৭৩,১৭৩
943,১৭৩টি,১৭৩
944,১৭৪,১৭৪
945,১৭৪টি,১৭৪
946,১৭৪নং,১৭৪
947,১৭৫,১৭৫
948,"১৭৫/৭,",১৭৫৭
949,১৭৫টি,১৭৫
950,১৭৫টিরও,১৭৫
951,১৭৫০,১৭৫০
952,১৭৬,১৭৬
953,১৭৬টি,১৭৬
954,১৭৭,১৭৭
955,১৭৮,১৭৮
956,"১৭৮*,",১৭৮
957,১৭৮/বি,১৭৮
958,১৭৮/১০,১৭৮১০
959,১৭৮টি,১৭৮
960,১৭৯,১৭৯
961,১৮,১৮
962,১৮*,১৮
963,"১৮,",১৮
964,১৮-১৯টি,১৮১৯
965,১৮-২০,১৮২০
966,১৮-২৪,১৮২৪
967,১৮-৩০,১৮৩০
968,১৮-৫৩৫০),১৮৫৩৫০
969,১৮.২,১৮২
970,১৮।,১৮
971,১৮টি,১৮
972,"১৮টি,",১৮
973,১৮টি।,১৮
974,১৮নং,১৮
975,১৮ম,১৮
976,১৮শ,১৮
977,১৮শ’,১৮
978,১৮০,১৮০
979,১৮১,১৮১
980,১৮১টি,১৮১
981,১৮২,১৮২
982,১৮২টি,১৮২
983,১৮২৭.২,১৮২৭২
984,১৮৩.৫৪,১৮৩৫৪
985,১৮৩টি,১৮৩
986,১৮৪,১৮৪
987,১৮৪০,১৮৪০
988,১৮৫,১৮৫
989,১৮৬,১৮৬
990,১৮৬১,১৮৬১
991,১৮৬২,১৮৬২
992,১৮৬৩.৪,১৮৬৩৪
993,১৮৭.৮৩,১৮৭৮৩
994,১৮৭২,১৮৭২
995,১৮৭৭,১৮৭৭
996,১৮৮,১৮৮
997,১৮৮০,১৮৮০
998,১৮৮৪,১৮৮৪
999,১৮৯,১৮৯
1000,"১৮৯/৯,",১৮৯৯
1001,১৮৯/৯।,১৮৯৯
1002,১৮৯টি,১৮৯
1003,১৮৯০,১৮৯০
1004,১৮৯৭,১৮৯৭
1005,১৯,১৯
1006,"১৯,",১৯
1007,"১৯,১১১",১৯১১১
1008,১৯-এ,১৯
1009,১৯টি,১৯
1010,১৯টিতে,১৯
1011,১৯তম,১৯
1012,১৯নং,১৯
1013,১৯০,১৯০
1014,১৯০টি,১৯০
1015,১৯০টির,১৯০
1016,১৯০৪টি,১৯০৪
1017,১৯০৯,১৯০৯
1018,১৯১,১৯১
1019,১৯১৩,১৯১৩
1020,১৯১৭-র,১৯১৭
1021,১৯২,১৯২
1022,১৯২০,১৯২০
1023,১৯২১,১৯২১
1024,১৯২৪,১৯২৪
1025,১৯২৬,১৯২৬
1026,১৯৩টি,১৯৩
1027,১৯৩২,১৯৩২
1028,১৯৩৫০,১৯৩৫০
1029,১৯৩৮,১৯৩৮
1030,১৯৩৯,১৯৩৯
1031,১৯৩৯-এ,১৯৩৯
1032,১৯৪,১৯৪
1033,১৯৪টি,১৯৪
1034,১৯৪২,১৯৪২
1035,১৯৪৩,১৯৪৩
1036,১৯৪৬,১৯৪৬
1037,১৯৪৭,১৯৪৭
1038,১৯৪৮,১৯৪৮
1039,১৯৪৯-এর,১৯৪৯
1040,১৯৪৯-৫০,১৯৪৯৫০
1041,১৯৫,১৯৫
1042,১৯৫)।,১৯৫
1043,১৯৫জন,১৯৫
1044,১৯৫টি।,১৯৫
1045,১৯৫০,১৯৫০
1046,১৯৫১,১৯৫১
1047,১৯৫২,১৯৫২
1048,১৯৫৩,১৯৫৩
1049,১৯৫৪,১৯৫৪
1050,১৯৫৫,১৯৫৫
1051,১৯৫৫-তে,১৯৫৫
1052,১৯৫৬,১৯৫৬
1053,১৯৫৭-৫৮,১৯৫৭৫৮
1054,১৯৫৮,১৯৫৮
1055,১৯৫৯,১৯৫৯
1056,১৯৬,১৯৬
1057,"১৯৬,",১৯৬
1058,১৯৬১,১৯৬১
1059,১৯৬২,১৯৬২
1060,১৯৬২-এর,১৯৬২
1061,১৯৬৩,১৯৬৩
1062,১৯৬৩-৬৪,১৯৬৩৬৪
1063,১৯৬৪-৬৫,১৯৬৪৬৫
1064,১৯৬৬,১৯৬৬
1065,১৯৬৭,১৯৬৭
1066,১৯৬৭-৬৮,১৯৬৭৬৮
1067,১৯৬৮,১৯৬৮
1068,১৯৬৯,১৯৬৯
1069,১৯৭,১৯৭
1070,১৯৭০,১৯৭০
1071,১৯৭১,১৯৭১
1072,১৯৭২,১৯৭২
1073,১৯৭২-৭৩,১৯৭২৭৩
1074,১৯৭৩,১৯৭৩
1075,১৯৭৪,১৯৭৪
1076,১৯৭৫,১৯৭৫
1077,১৯৭৬,১৯৭৬
1078,১৯৭৭,১৯৭৭
1079,১৯৭৭-৮০,১৯৭৭৮০
1080,১৯৭৮,১৯৭৮
1081,১৯৭৯,১৯৭৯
1082,১৯৭৯-৮০,১৯৭৯৮০
1083,১৯৮০,১৯৮০
1084,১৯৮০-৯০’র,১৯৮০৯০
1085,১৯৮০’র,১৯৮০
1086,১৯৮১,১৯৮১
1087,১৯৮২,১৯৮২
1088,১৯৮২-৮৩,১৯৮২৮৩
1089,১৯৮৩,১৯৮৩
1090,১৯৮৩-এর,১৯৮৩
1091,১৯৮৩-৮৪,১৯৮৩৮৪
1092,১৯৮৪,১৯৮৪
1093,১৯৮৪-৮৫,১৯৮৪৮৫
1094,১৯৮৫,১৯৮৫
1095,১৯৮৬,১৯৮৬
1096,১৯৮৭,১৯৮৭
1097,১৯৮৮,১৯৮৮
1098,১৯৮৮-এর,১৯৮৮
1099,১৯৮৯,১৯৮৯
1100,১৯৯০,১৯৯০
1101,১৯৯০।,১৯৯০
1102,১৯৯১,১৯৯১
1103,১৯৯১-৯২,১৯৯১৯২
1104,১৯৯২,১৯৯২
1105,১৯৯৩,১৯৯৩
1106,১৯৯৪,১৯৯৪
1107,১৯৯৪-৯৫’র,১৯৯৪৯৫
1108,১৯৯৫,১৯৯৫
1109,১৯৯৬,১৯৯৬
1110,১৯৯৬-এ,১৯৯৬
1111,১৯৯৭,১৯৯৭
1112,১৯৯৮,১৯৯৮
1113,১৯৯৯,১৯৯৯
1114,২,২
1115,২%,২
1116,২)।,২
1117,"২,",২
1118,"২,০০০",২০০০
1119,"২,০৬৯.৭১",২০৬৯৭১
1120,২-০,২০
1121,"২-০-৮-১,",২০৮১
1122,২-০তে,২০
1123,২-১,২১
1124,২-১-এ।,২১
1125,২-২,২২
1126,২-৩,২৩
1127,২-৩শ’,২৩
1128,২-৮,২৮
1129,২.,২
1130,২.০।,২০
1131,২.৩.৭,২৩৭
1132,২.৪৯,২৪৯
1133,২.৫,২৫
1134,২.৫০%,২৫০
1135,২.৭,২৭
1136,২.৭১।,২৭১
1137,২.৭৫।,২৭৫
1138,২.৯),২৯
1139,২/বি,২
1140,২/১,২১
1141,২/১০৪)।,২১০৪
1142,২/১৪)।,২১৪
1143,"২/১৫,",২১৫
1144,২/২১)।,২২১
1145,২/২৪)।,২২৪
1146,"২/২৫,",২২৫
1147,২/২৯)।,২২৯
1148,২/৩,২৩
1149,২/৩টি,২৩
1150,"২/৩০,",২৩০
1151,২/৩১)।,২৩১
1152,২/৩৫)।,২৩৫
1153,২/৩৭)।,২৩৭
1154,"২/৩৭,",২৩৭
1155,"২/৩৯,",২৩৯
1156,২/৪)।,২৪
1157,২/৪৩)।,২৪৩
1158,"২/৪৪,",২৪৪
1159,"২/৪৫,",২৪৫
1160,২/৪৭,২৪৭
1161,"২/৪৭,",২৪৭
1162,২/৪৮)।,২৪৮
1163,"২/৪৮,",২৪৮
1164,২/৬২)।,২৬২
1165,"২/৬২,",২৬২
1166,"২/৬৬,",২৬৬
1167,২/৬৭,২৬৭
1168,"২/৭৭,",২৭৭
1169,"২/৯৩,",২৯৩
1170,২ঘন্টা,২
1171,২চট্টগ্রাম,২
1172,২জনকে,২
1173,২টা,২
1174,২টা),২
1175,২টা।,২
1176,২টার,২
1177,২টায়,২
1178,"২টায়,",২
1179,২টি,২
1180,"২টি,",২
1181,২টিই,২
1182,২টিও,২
1183,২টিসহ,২
1184,২নং,২
1185,২শ,২
1186,২শ’,২
1187,২য়,২
1188,২০,২০
1189,২০%,২০
1190,"২০,",২০
1191,"২০,০০০",২০০০০
1192,"২০,৫০০",২০৫০০
1193,২০-তে,২০
1194,২০-র,২০
1195,"২০-২০,",২০২০
1196,২০-২২,২০২২
1197,২০-২৫,২০২৫
1198,২০-২৫টি,২০২৫
1199,২০-৩০,২০৩০
1200,২০.৬,২০৬
1201,২০/২২টি,২০২২
1202,২০/২৫,২০২৫
1203,২০।,২০
1204,২০জন,২০
1205,২০টি,২০
1206,২০টির,২০
1207,২০তম,২০
1208,২০তে,২০
1209,২০তেই,২০
1210,২০০,২০০
1211,২০০-এর,২০০
1212,২০০টি,২০০
1213,২০০টির,২০০
1214,২০০র,২০০
1215,২০০০,২০০০
1216,২০০০সালের,২০০০
1217,২০০১,২০০১
1218,২০০১-এ,২০০১
1219,২০০২,২০০২
1220,২০০৩,২০০৩
1221,২০০৪,২০০৪
1222,২০০৪-০৫,২০০৪০৫
1223,২০০৫,২০০৫
1224,২০০৬,২০০৬
1225,২০০৭,২০০৭
1226,"২০০৭,",২০০৭
1227,২০০৭-০৮,২০০৭০৮
1228,২০০৭-২০১১,২০০৭২০১১
1229,২০০৮,২০০৮
1230,"২০০৮,",২০০৮
1231,২০০৮-,২০০৮
1232,২০০৯,২০০৯
1233,২০০৯-এ,২০০৯
1234,২০০৯-এর,২০০৯
1235,২০০৯-১০,২০০৯১০
1236,২০০৯/২০১০,২০০৯২০১০
1237,২০১০,২০১০
1238,২০১০-এর,২০১০
1239,২০১০-১১,২০১০১১
1240,২০১০-১৪,২০১০১৪
1241,২০১১,২০১১
1242,২০১১-তে,২০১১
1243,২০১১-১২,২০১১১২
1244,২০১১-১৪,২০১১১৪
1245,২০১১-২০১২,২০১১২০১২
1246,২০১২,২০১২
1247,২০১২-তে,২০১২
1248,২০১২-১৩,২০১২১৩
1249,২০১৩,২০১৩
1250,২০১৩-১৪,২০১৩১৪
1251,"২০১৩-১৪,",২০১৩১৪
1252,২০১৪,২০১৪
1253,২০১৪)।,২০১৪
1254,২০১৪-তে,২০১৪
1255,২০১৪-র,২০১৪
1256,২০১৪-১৫,২০১৪১৫
1257,২০১৪’র,২০১৪
1258,২০১৫,২০১৫
1259,২০১৫-র,২০১৫
1260,২০১৫-১৬,২০১৫১৬
1261,২০১৬,২০১৬
1262,২০১৬-এর,২০১৬
1263,২০১৬-তে,২০১৬
1264,২০১৬-১৭,২০১৬১৭
1265,২০১৬-২০১৭,২০১৬২০১৭
1266,২০১৬।,২০১৬
1267,২০১৬এমআরএস,২০১৬
1268,২০১৬তে,২০১৬
1269,২০১৬সূত্র,২০১৬
1270,২০১৬’-এর,২০১৬
1271,২০১৭,২০১৭
1272,২০১৭-এ,২০১৭
1273,২০১৭-তে,২০১৭
1274,২০১৭-১৮,২০১৭১৮
1275,২০১৭-২০১৮,২০১৭২০১৮
1276,২০১৭-২০১৯,২০১৭২০১৯
1277,২০১৭।,২০১৭
1278,২০১৭’,২০১৭
1279,২০১৮,২০১৮
1280,২০১৮-এর,২০১৮
1281,২০১৯,২০১৯
1282,২০১৯-২০,২০১৯২০
1283,২০২,২০২
1284,২০২/৫,২০২৫
1285,২০২টি,২০২
1286,২০২০,২০২০
1287,২০২১,২০২১
1288,২০২২,২০২২
1289,২০২৫,২০২৫
1290,২০২৬,২০২৬
1291,২০৩,২০৩
1292,২০৩-এ,২০৩
1293,২০৩০,২০৩০
1294,২০৩৬,২০৩৬
1295,২০৪,২০৪
1296,২০৪১,২০৪১
1297,২০৫০,২০৫০
1298,"২০৫০২৭৪০২০১৮৫৬৩০৫,",২০৫০২৭৪০২০১৮৫৬৩০৫
1299,২০৬,২০৬
1300,২০৬.১,২০৬১
1301,২০৭,২০৭
1302,২০৭২,২০৭২
1303,২০৮,২০৮
1304,২০৯,২০৯
1305,২০’র,২০
1306,২১,২১
1307,২১)ভারোত্তোলনমেয়েদের,২১
1308,"২১,",২১
1309,২১-১০,২১১০
1310,২১-১৬,২১১৬
1311,২১-১৯,২১১৯
1312,"২১-২১,",২১২১
1313,২১.৫,২১৫
1314,২১টি,২১
1315,২১টি।,২১
1316,২১তম,২১
1317,"২১তম,",২১
1318,২১শ’,২১
1319,২১০,২১০
1320,২১১,২১১
1321,২১২,২১২
1322,২১২।,২১২
1323,২১৩,২১৩
1324,২১৩টি,২১৩
1325,২১৪,২১৪
1326,"২১৪,",২১৪
1327,২১৪০।,২১৪০
1328,২১৫,২১৫
1329,২১৬,২১৬
1330,২১৭টি,২১৭
1331,২১৮,২১৮
1332,২১৮টি,২১৮
1333,২২,২২
1334,২২%,২২
1335,"২২,",২২
1336,"২২,০০০-৫৩,০৬০",২২০০০৫৩০৬০
1337,২২-২০,২২২০
1338,২২-২৩,২২২৩
1339,২২.৪,২২৪
1340,২২টি,২২
1341,২২টিতেই,২২
1342,২২তম,২২
1343,২২০,২২০
1344,২২০টি।,২২০
1345,২২০০,২২০০
1346,২২১টি।,২২১
1347,২২২,২২২
1348,২২৩,২২৩
1349,২২৪।,২২৪
1350,২২৫,২২৫
1351,২২৬,২২৬
1352,২২৬১,২২৬১
1353,২২৭,২২৭
1354,২২৮,২২৮
1355,২২৮২২৪,২২৮২২৪
1356,২৩,২৩
1357,"২৩,",২৩
1358,২৩-১১,২৩১১
1359,"২৩-২২,",২৩২২
1360,২৩-২৩,২৩২৩
1361,২৩.১,২৩১
1362,২৩/বি,২৩
1363,২৩টি,২৩
1364,২৩টির,২৩
1365,২৩০,২৩০
1366,২৩০.৮।,২৩০৮
1367,২৩০/১৩২,২৩০১৩২
1368,"২৩০/৯,",২৩০৯
1369,২৩০২,২৩০২
1370,"২৩১/৮,",২৩১৮
1371,২৩১টি,২৩১
1372,২৩৩,২৩৩
1373,২৩৪,২৩৪
1374,২৩৪টি,২৩৪
1375,২৩৫,২৩৫
1376,২৩৬,২৩৬
1377,২৩৭,২৩৭
1378,২৩৮,২৩৮
1379,২৩৯,২৩৯
1380,২৩৯টি,২৩৯
1381,২৪,২৪
1382,২৪(২),২৪২
1383,২৪(৩),২৪৩
1384,"২৪,",২৪
1385,২৪-১৪,২৪১৪
1386,২৪-১৭,২৪১৭
1387,২৪-২৫,২৪২৫
1388,২৪.৫,২৪৫
1389,২৪.৭৬,২৪৭৬
1390,২৪টি,২৪
1391,২৪টি।,২৪
1392,২৪তম,২৪
1393,২৪নং,২৪
1394,২৪শ’,২৪
1395,২৪০,২৪০
1396,২৪১,২৪১
1397,২৪১।,২৪১
1398,২৪২,২৪২
1399,২৪৪০,২৪৪০
1400,২৪৫,২৪৫
1401,২৪৮,২৪৮
1402,২৪৯.৫,২৪৯৫
1403,২৪’র,২৪
1404,২৫,২৫
1405,২৫*,২৫
1406,২৫*।,২৫
1407,"২৫,",২৫
1408,২৫-২৩,২৫২৩
1409,২৫-২৬,২৫২৬
1410,২৫-২৮,২৫২৮
1411,২৫-৩০,২৫৩০
1412,২৫-৮,২৫৮
1413,২৫.,২৫
1414,২৫.২,২৫২
1415,২৫/৩০,২৫৩০
1416,২৫/৩০টি,২৫৩০
1417,২৫।,২৫
1418,২৫টি,২৫
1419,২৫তম,২৫
1420,২৫শ’,২৫
1421,২৫০,২৫০
1422,২৫০-১২৫০,২৫০১২৫০
1423,২৫০০,২৫০০
1424,২৫১,২৫১
1425,২৫১/এ,২৫১
1426,২৫২,২৫২
1427,২৫২টি,২৫২
1428,২৫৩,২৫৩
1429,২৫৪টি,২৫৪
1430,২৫৫,২৫৫
1431,২৫৬,২৫৬
1432,২৫৮.৯,২৫৮৯
1433,২৬,২৬
1434,২৬(১),২৬১
1435,"২৬,",২৬
1436,২৬.৪,২৬৪
1437,২৬/০৪/২০১৬।,২৬০৪২০১৬
1438,২৬/৪/১৭)।,২৬৪১৭
1439,২৬।,২৬
1440,২৬টি,২৬
1441,২৬টি।,২৬
1442,২৬তম,২৬
1443,২৬০,২৬০
1444,২৬০টি,২৬০
1445,২৬২,২৬২
1446,২৬২।,২৬২
1447,২৬৩,২৬৩
1448,"২৬৪/৮,",২৬৪৮
1449,২৬৪৯,২৬৪৯
1450,"২৬৫/৭,",২৬৫৭
1451,২৬৬টি,২৬৬
1452,২৬৭,২৬৭
1453,২৬৭৬টি,২৬৭৬
1454,২৬৮,২৬৮
1455,২৬৯,২৬৯
1456,২৭,২৭
1457,"২৭,",২৭
1458,২৭টি,২৭
1459,২৭নং,২৭
1460,২৭০,২৭০
1461,২৭০টি,২৭০
1462,২৭০টিতেই,২৭০
1463,২৭১,২৭১
1464,২৭১।,২৭১
1465,২৭২,২৭২
1466,২৭২টি,২৭২
1467,২৭৩,২৭৩
1468,২৭৪,২৭৪
1469,২৭৫,২৭৫
1470,২৭৫টি,২৭৫
1471,২৭৬,২৭৬
1472,২৭৮,২৭৮
1473,২৭৯,২৭৯
1474,২৮,২৮
1475,২৮*।,২৮
1476,"২৮,",২৮
1477,২৮-৩০,২৮৩০
1478,২৮.১,২৮১
1479,২৮টি,২৮
1480,২৮তম,২৮
1481,২৮মে,২৮
1482,২৮০,২৮০
1483,২৮১,২৮১
1484,২৮৩,২৮৩
1485,২৮৩টি,২৮৩
1486,২৮৪,২৮৪
1487,২৮৫,২৮৫
1488,২৮৬,২৮৬
1489,২৮৮,২৮৮
1490,২৮৯,২৮৯
1491,"২৮৯/৩,",২৮৯৩
1492,২৮’সহ,২৮
1493,২৯,২৯
1494,২৯%-এর,২৯
1495,"২৯,",২৯
1496,২৯-১৭,২৯১৭
1497,২৯.৪,২৯৪
1498,২৯।,২৯
1499,২৯টি,২৯
1500,২৯নং,২৯
1501,২৯০,২৯০
1502,২৯০০,২৯০০
1503,২৯২,২৯২
1504,২৯২জন।,২৯২
1505,২৯২৯,২৯২৯
1506,২৯৩,২৯৩
1507,"২৯৪/৯,",২৯৪৯
1508,২৯৪টি,২৯৪
1509,২৯৫,২৯৫
1510,"২৯৬/৫,",২৯৬৫
1511,২৯৭,২৯৭
1512,২৯৮,২৯৮
1513,২৯৯,২৯৯
1514,২’।,২
1515,৩,৩
1516,৩%,৩
1517,৩),৩
1518,৩+১,৩১
1519,"৩,",৩
1520,"৩,৪০০",৩৪০০
1521,৩-০,৩০
1522,"৩-০-১২-২,",৩০১২২
1523,"৩-০-১৮-১,",৩০১৮১
1524,"৩-০-১৮-২,",৩০১৮২
1525,৩-১,৩১
1526,৩-২,৩২
1527,৩-৩,৩৩
1528,৩-৪,৩৪
1529,৩-৪টি,৩৪
1530,৩-৪শ’,৩৪
1531,"৩-৬,",৩৬
1532,৩.,৩
1533,৩.৩,৩৩
1534,"৩.৪-০-২৬-২,",৩৪০২৬২
1535,৩/১,৩১
1536,৩/২১)।,৩২১
1537,"৩/৩০,",৩৩০
1538,"৩/৩১,",৩৩১
1539,৩/৩৪)।,৩৩৪
1540,"৩/৩৪,",৩৩৪
1541,"৩/৩৭,",৩৩৭
1542,"৩/৩৮,",৩৩৮
1543,৩/৪,৩৪
1544,৩/৪টি,৩৪
1545,৩/৫০)।,৩৫০
1546,৩।,৩
1547,৩ঘণ্টা,৩
1548,৩জনই,৩
1549,৩টা,৩
1550,"৩টা,",৩
1551,৩টা।,৩
1552,৩টার,৩
1553,৩টায়,৩
1554,"৩টায়,",৩
1555,৩টায়।,৩
1556,৩টি,৩
1557,৩টি।,৩
1558,৩নং,৩
1559,৩শ',৩
1560,৩শ’,৩
1561,৩শ’।,৩
1562,৩য়,৩
1563,৩০,৩০
1564,৩০*)।,৩০
1565,"৩০,",৩০
1566,৩০-এর,৩০
1567,৩০-এস,৩০
1568,৩০-০,৩০০
1569,৩০-২৫,৩০২৫
1570,৩০-২৭,৩০২৭
1571,৩০-৩৫,৩০৩৫
1572,৩০-৪০,৩০৪০
1573,৩০.৩৮।,৩০৩৮
1574,৩০/৪০,৩০৪০
1575,৩০।,৩০
1576,৩০টি,৩০
1577,৩০টির,৩০
1578,৩০তম,৩০
1579,৩০লৌহজং,৩০
1580,৩০০,৩০০
1581,৩০০-র,৩০০
1582,৩০০/১/এ,৩০০১
1583,৩০০টি,৩০০
1584,৩০০টির,৩০০
1585,৩০০০,৩০০০
1586,৩০১,৩০১
1587,৩০১টি,৩০১
1588,৩০২,৩০২
1589,৩০২/৩৪,৩০২৩৪
1590,৩০২টির,৩০২
1591,৩০৩,৩০৩
1592,৩০৩টি,৩০৩
1593,৩০৪,৩০৪
1594,৩০৪(বি),৩০৪
1595,৩০৪২,৩০৪২
1596,৩০৬,৩০৬
1597,"৩০৭,",৩০৭
1598,৩০৭/৩০৯,৩০৭৩০৯
1599,৩০৮টি,৩০৮
1600,৩১,৩১
1601,"৩১,",৩১
1602,৩১/বি,৩১
1603,৩১টি,৩১
1604,৩১টি।,৩১
1605,"৩১তম,",৩১
1606,৩১০,৩১০
1607,৩১১,৩১১
1608,৩১২,৩১২
1609,৩১২টি,৩১২
1610,৩১২২,৩১২২
1611,৩১৪,৩১৪
1612,৩১৪টি,৩১৪
1613,৩১৪টি।,৩১৪
1614,৩১৫,৩১৫
1615,৩১৬,৩১৬
1616,"৩১৬/৯,",৩১৬৯
1617,৩১৯টি,৩১৯
1618,৩২,৩২
1619,৩২.৩,৩২৩
1620,৩২.৫০,৩২৫০
1621,"৩২/১,",৩২১
1622,৩২।,৩২
1623,৩২টি,৩২
1624,৩২টির,৩২
1625,"৩২তম,",৩২
1626,৩২০,৩২০
1627,৩২২,৩২২
1628,৩২৩,৩২৩
1629,৩২৩টি,৩২৩
1630,৩২৪টি,৩২৪
1631,৩২৫,৩২৫
1632,৩২৫টি,৩২৫
1633,৩২৬,৩২৬
1634,৩২৭,৩২৭
1635,৩২৭টি,৩২৭
1636,৩২৯টি,৩২৯
1637,৩৩,৩৩
1638,"৩৩,",৩৩
1639,৩৩-১৮,৩৩১৮
1640,৩৩-২০,৩৩২০
1641,৩৩।,৩৩
1642,৩৩টি,৩৩
1643,৩৩তম,৩৩
1644,৩৩নং,৩৩
1645,৩৩০,৩৩০
1646,৩৩০০,৩৩০০
1647,৩৩১০,৩৩১০
1648,৩৩২টি,৩৩২
1649,৩৩৩,৩৩৩
1650,৩৩৫,৩৩৫
1651,৩৩৫টি,৩৩৫
1652,৩৩৭৬।,৩৩৭৬
1653,৩৩৮,৩৩৮
1654,৩৩৯টি।,৩৩৯
1655,৩৪,৩৪
1656,৩৪(৫),৩৪৫
1657,"৩৪,",৩৪
1658,৩৪.৮৫,৩৪৮৫
1659,৩৪।,৩৪
1660,৩৪টি,৩৪
1661,৩৪টির,৩৪
1662,৩৪তম,৩৪
1663,৩৪০,৩৪০
1664,৩৪১,৩৪১
1665,৩৪২,৩৪২
1666,৩৪৩,৩৪৩
1667,৩৪৩টি,৩৪৩
1668,৩৪৪৮,৩৪৪৮
1669,৩৪৫,৩৪৫
1670,৩৪৬,৩৪৬
1671,৩৪৭৮,৩৪৭৮
1672,৩৪৮,৩৪৮
1673,৩৫,৩৫
1674,৩৫(২),৩৫২
1675,"৩৫,",৩৫
1676,"৩৫,০০০",৩৫০০০
1677,৩৫.২,৩৫২
1678,৩৫।,৩৫
1679,৩৫টি,৩৫
1680,৩৫তম,৩৫
1681,৩৫শাই,৩৫
1682,৩৫০,৩৫০
1683,৩৫০টি,৩৫০
1684,৩৫০ডটঅর্গ।,৩৫০
1685,৩৫১টি,৩৫১
1686,৩৫২,৩৫২
1687,৩৫৩,৩৫৩
1688,৩৫৬টি,৩৫৬
1689,৩৫৮,৩৫৮
1690,৩৫৮.৪১,৩৫৮৪১
1691,৩৫৯,৩৫৯
1692,৩৬,৩৬
1693,"৩৬,",৩৬
1694,৩৬.,৩৬
1695,৩৬.৫,৩৬৫
1696,৩৬.৫২,৩৬৫২
1697,৩৬.৮,৩৬৮
1698,৩৬টি,৩৬
1699,৩৬তম,৩৬
1700,৩৬০,৩৬০
1701,৩৬১,৩৬১
1702,৩৬২,৩৬২
1703,৩৬৫,৩৬৫
1704,৩৬৭,৩৬৭
1705,৩৬৭।,৩৬৭
1706,৩৬৮,৩৬৮
1707,৩৬৯,৩৬৯
1708,৩৬৯।,৩৬৯
1709,৩৭,৩৭
1710,৩৭-২৪,৩৭২৪
1711,৩৭-৪২,৩৭৪২
1712,৩৭.১,৩৭১
1713,৩৭.৪,৩৭৪
1714,৩৭।,৩৭
1715,৩৭টি,৩৭
1716,৩৭তম,৩৭
1717,৩৭০,৩৭০
1718,৩৭০টি,৩৭০
1719,৩৭১,৩৭১
1720,৩৭১টি,৩৭১
1721,৩৭৩।,৩৭৩
1722,৩৭৪,৩৭৪
1723,৩৭৭,৩৭৭
1724,৩৭৮,৩৭৮
1725,৩৮,৩৮
1726,"৩৮,",৩৮
1727,৩৮-২৭,৩৮২৭
1728,৩৮.১,৩৮১
1729,৩৮.৫,৩৮৫
1730,৩৮টি,৩৮
1731,৩৮তম,৩৮
1732,৩৮০,৩৮০
1733,৩৮১,৩৮১
1734,৩৮২,৩৮২
1735,৩৮২টি,৩৮২
1736,৩৮৪,৩৮৪
1737,৩৮৬,৩৮৬
1738,৩৮৭টি,৩৮৭
1739,৩৯,৩৯
1740,"৩৯,",৩৯
1741,৩৯-৩১,৩৯৩১
1742,৩৯।,৩৯
1743,৩৯টি,৩৯
1744,৩৯টি।,৩৯
1745,৩৯তম,৩৯
1746,৩৯০,৩৯০
1747,৩৯২,৩৯২
1748,৩৯৩,৩৯৩
1749,৩৯৪,৩৯৪
1750,৩৯৭টি,৩৯৭
1751,৩৯৮,৩৯৮
1752,৩৯৯টি,৩৯৯
1753,৪,৪
1754,"৪,",৪
1755,"৪,৮৮৪",৪৮৮৪
1756,৪-০,৪০
1757,"৪-০-১৩-২,",৪০১৩২
1758,"৪-০-২২-১,",৪০২২১
1759,৪-০-২৬-১।,৪০২৬১
1760,"৪-০-৩৩-০,",৪০৩৩০
1761,৪-০তে,৪০
1762,৪-২,৪২
1763,৪-৩,৪৩
1764,৪-৫,৪৫
1765,৪-৫টাকায়,৪৫
1766,৪-৫টি,৪৫
1767,৪-৬,৪৬
1768,"৪-৬,",৪৬
1769,৪-৮,৪৮
1770,৪.,৪
1771,৪.০,৪০
1772,৪.০৭,৪০৭
1773,৪.১,৪১
1774,৪.১৭,৪১৭
1775,৪.২,৪২
1776,৪.২.২,৪২২
1777,৪.৩।,৪৩
1778,৪.৪,৪৪
1779,৪.৫,৪৫
1780,৪.৬৭,৪৬৭
1781,৪/১০০)।,৪১০০
1782,"৪/৪২৯,",৪৪২৯
1783,৪/৫,৪৫
1784,৪/৫৯)।,৪৫৯
1785,৪/৬০।,৪৬০
1786,৪/৬৮)।,৪৬৮
1787,৪টা,৪
1788,৪টা)ডাইভিংমেয়েদের,৪
1789,৪টার,৪
1790,৪টায়,৪
1791,"৪টায়,",৪
1792,৪টায়।,৪
1793,৪টি,৪
1794,"৪টি,",৪
1795,৪টিই,৪
1796,৪টির,৪
1797,৪ঠা,৪
1798,৪দিন,৪
1799,৪দ্ধ১০০,৪১০০
1800,৪নং,৪
1801,৪র্থ,৪
1802,৪শ’,৪
1803,৪ী১০০,৪১০০
1804,৪ূ১০০,৪১০০
1805,৪০,৪০
1806,"৪০,",৪০
1807,"৪০,০০০",৪০০০০
1808,৪০-০৮,৪০০৮
1809,৪০-৪২,৪০৪২
1810,৪০-৪৫,৪০৪৫
1811,৪০-৫০,৪০৫০
1812,৪০-৫০টি,৪০৫০
1813,৪০।,৪০
1814,৪০টি,৪০
1815,৪০টি।,৪০
1816,৪০টিরও,৪০
1817,৪০০,৪০০
1818,৪০০-র,৪০০
1819,৪০০-৫০০,৪০০৫০০
1820,৪০০শ’,৪০০
1821,৪০০০,৪০০০
1822,৪০১টি,৪০১
1823,৪০২,৪০২
1824,৪০৩,৪০৩
1825,৪০৩।,৪০৩
1826,৪০৪টি,৪০৪
1827,৪০৪৭,৪০৪৭
1828,৪০৬,৪০৬
1829,৪০৯/১০৯/৪৬৭/৪৬৮/৪৭১,৪০৯১০৯৪৬৭৪৬৮৪৭১
1830,৪১,৪১
1831,৪১*।,৪১
1832,"৪১,",৪১
1833,৪১.৫,৪১৫
1834,৪১।,৪১
1835,৪১টি,৪১
1836,৪১তম,৪১
1837,৪১নং,৪১
1838,৪১০,৪১০
1839,৪১০টি।,৪১০
1840,৪১১,৪১১
1841,৪১১টি,৪১১
1842,৪১৩,৪১৩
1843,"৪১৩/১,",৪১৩১
1844,৪১৪টি,৪১৪
1845,৪১৫,৪১৫
1846,৪১৮,৪১৮
1847,৪১৯,৪১৯
1848,৪২,৪২
1849,৪২%-এর,৪২
1850,"৪২,",৪২
1851,৪২-৪৩,৪২৪৩
1852,৪২.,৪২
1853,৪২/০,৪২০
1854,৪২।,৪২
1855,৪২টি,৪২
1856,৪২টি।,৪২
1857,৪২টির,৪২
1858,৪২তম,৪২
1859,৪২০,৪২০
1860,৪২০/৪৬৭/৪৭১/১০৯,৪২০৪৬৭৪৭১১০৯
1861,৪২০টিরও,৪২০
1862,৪২০’,৪২০
1863,৪২১,৪২১
1864,৪২২,৪২২
1865,৪২৫,৪২৫
1866,৪২৭,৪২৭
1867,৪২৮,৪২৮
1868,৪৩,৪৩
1869,৪৩-১১,৪৩১১
1870,৪৩।,৪৩
1871,৪৩টি,৪৩
1872,৪৩তম,৪৩
1873,৪৩০,৪৩০
1874,৪৩০নং,৪৩০
1875,৪৩১,৪৩১
1876,৪৩২,৪৩২
1877,৪৩৭,৪৩৭
1878,৪৩৯,৪৩৯
1879,৪৩৯টি,৪৩৯
1880,৪৪,৪৪
1881,"৪৪,",৪৪
1882,৪৪।,৪৪
1883,৪৪টি,৪৪
1884,৪৪তম,৪৪
1885,৪৪১,৪৪১
1886,৪৪২,৪৪২
1887,৪৪৩,৪৪৩
1888,৪৪৪,৪৪৪
1889,৪৪৬টি।,৪৪৬
1890,৪৪৭-এ,৪৪৭
1891,৪৫,৪৫
1892,"৪৫,",৪৫
1893,৪৫-০,৪৫০
1894,৪৫-৫০,৪৫৫০
1895,৪৫-৫০টি,৪৫৫০
1896,৪৫.২,৪৫২
1897,৪৫.৫,৪৫৫
1898,৪৫।,৪৫
1899,৪৫টি,৪৫
1900,৪৫তম,৪৫
1901,৪৫নং,৪৫
1902,৪৫০,৪৫০
1903,৪৫০টি,৪৫০
1904,৪৫০টি।,৪৫০
1905,৪৫১,৪৫১
1906,৪৫২,৪৫২
1907,৪৫৩,৪৫৩
1908,৪৫৪।,৪৫৪
1909,৪৫৫,৪৫৫
1910,৪৫৬,৪৫৬
1911,৪৫৬টি,৪৫৬
1912,৪৫৭,৪৫৭
1913,৪৫৭শতাংশ,৪৫৭
1914,৪৫৮,৪৫৮
1915,৪৫৮০,৪৫৮০
1916,৪৫৯,৪৫৯
1917,৪৬,৪৬
1918,৪৬.১,৪৬১
1919,৪৬টি,৪৬
1920,৪৬তম,৪৬
1921,৪৬নং,৪৬
1922,৪৬০,৪৬০
1923,৪৬০টি,৪৬০
1924,৪৬২,৪৬২
1925,৪৬৫টি,৪৬৫
1926,৪৬৬টি,৪৬৬
1927,৪৬৮,৪৬৮
1928,৪৬৯।,৪৬৯
1929,৪৭,৪৭
1930,৪৭(৪),৪৭৪
1931,"৪৭,",৪৭
1932,৪৭টি,৪৭
1933,৪৭টি।,৪৭
1934,৪৭তম,৪৭
1935,৪৭০,৪৭০
1936,৪৭২।,৪৭২
1937,৪৭৪,৪৭৪
1938,৪৭৬,৪৭৬
1939,৪৭৬।,৪৭৬
1940,৪৭৬টি।,৪৭৬
1941,৪৭৭,৪৭৭
1942,৪৭৭।,৪৭৭
1943,৪৭৯,৪৭৯
1944,৪৭৯-,৪৭৯
1945,৪৮,৪৮
1946,৪৮.২,৪৮২
1947,৪৮.২২,৪৮২২
1948,৪৮.৫,৪৮৫
1949,৪৮/৩।,৪৮৩
1950,৪৮।,৪৮
1951,৪৮টি,৪৮
1952,৪৮তম,৪৮
1953,৪৮০,৪৮০
1954,৪৮২,৪৮২
1955,৪৮৩,৪৮৩
1956,৪৮৪,৪৮৪
1957,৪৮৬,৪৮৬
1958,৪৮৭,৪৮৭
1959,৪৮৭টি,৪৮৭
1960,৪৯,৪৯
1961,"৪৯,",৪৯
1962,৪৯-৩৮,৪৯৩৮
1963,৪৯.৬,৪৯৬
1964,৪৯টি,৪৯
1965,"৪৯টি,",৪৯
1966,৪৯তম,৪৯
1967,৪৯০,৪৯০
1968,৪৯৪,৪৯৪
1969,৪৯৬,৪৯৬
1970,৪৯৮,৪৯৮
1971,৪৯৯,৪৯৯
1972,৪›১০০,৪১০০
1973,৫,৫
1974,৫(২),৫২
1975,"৫,",৫
1976,৫-এর,৫
1977,৫-কালিদাস,৫
1978,৫-০,৫০
1979,৫-১,৫১
1980,৫-২,৫২
1981,৫-৩,৫৩
1982,৫-৪,৫৪
1983,৫-৬,৫৬
1984,৫-৬টি,৫৬
1985,৫-৬শ’,৫৬
1986,৫-৭,৫৭
1987,৫.,৫
1988,৫.২,৫২
1989,৫.৩,৫৩
1990,৫.৫,৫৫
1991,"৫/১২৫,",৫১২৫
1992,৫/৬,৫৬
1993,৫/৬টা,৫৬
1994,"৫/৬৩,",৫৬৩
1995,৫।,৫
1996,৫এস,৫
1997,৫জি,৫
1998,৫টা,৫
1999,৫টা-রাত,৫
2000,৫টার,৫
2001,৫টায়,৫
2002,"৫টায়,",৫
2003,৫টায়।,৫
2004,৫টি,৫
2005,"৫টি,",৫
2006,৫টিই,৫
2007,৫টির,৫
2008,৫তলা,৫
2009,৫নং,৫
2010,৫ম,৫
2011,"৫ম,",৫
2012,৫শ',৫
2013,৫শত,৫
2014,৫শ’,৫
2015,৫শ’র,৫
2016,৫০,৫০
2017,"৫০,০০০",৫০০০০
2018,৫০-১০০,৫০১০০
2019,৫০-৬০,৫০৬০
2020,৫০-৬০টি,৫০৬০
2021,৫০.৩৯,৫০৩৯
2022,৫০/৬০,৫০৬০
2023,৫০:৫০,৫০৫০
2024,৫০টি,৫০
2025,৫০টির,৫০
2026,৫০টিরও,৫০
2027,৫০তম,৫০
2028,৫০০,৫০০
2029,৫০০-১০০০,৫০০১০০০
2030,৫০০এমএইচজেড,৫০০
2031,৫০০টি,৫০০
2032,৫০০তম,৫০০
2033,৫০০শিক্ষার্থী,৫০০
2034,৫০০০,৫০০০
2035,৫০১,৫০১
2036,৫০১জন।,৫০১
2037,৫০৩,৫০৩
2038,৫০৩টি,৫০৩
2039,৫০৫,৫০৫
2040,৫০৬,৫০৬
2041,"৫০৬টি,",৫০৬
2042,৫০৯টি,৫০৯
2043,৫১,৫১
2044,৫১%।,৫১
2045,"৫১,",৫১
2046,৫১.২,৫১২
2047,৫১/এ,৫১
2048,৫১।,৫১
2049,৫১টি,৫১
2050,৫১তম,৫১
2051,৫১২,৫১২
2052,৫২,৫২
2053,৫২(২),৫২২
2054,"৫২,",৫২
2055,৫২টি,৫২
2056,৫২তম,৫২
2057,"৫২তম,",৫২
2058,৫২০,৫২০
2059,৫২১।,৫২১
2060,৫২৬,৫২৬
2061,৫৩,৫৩
2062,৫৩টি,৫৩
2063,৫৩২,৫৩২
2064,৫৩৪টি,৫৩৪
2065,৫৩৫,৫৩৫
2066,৫৩৫টি,৫৩৫
2067,৫৩৬/১,৫৩৬১
2068,৫৩৭,৫৩৭
2069,৫৪,৫৪
2070,৫৪.৫,৫৪৫
2071,৫৪টি,৫৪
2072,৫৪০,৫৪০
2073,"৫৪০টি,",৫৪০
2074,৫৪১টি,৫৪১
2075,৫৪৫,৫৪৫
2076,৫৪৭,৫৪৭
2077,৫৫,৫৫
2078,"৫৫,",৫৫
2079,৫৫-০০,৫৫০০
2080,৫৫।,৫৫
2081,৫৫টি,৫৫
2082,৫৫০,৫৫০
2083,৫৫০-৭০০,৫৫০৭০০
2084,৫৫০টি।,৫৫০
2085,৫৫২,৫৫২
2086,৫৫৩,৫৫৩
2087,৫৫৩টি,৫৫৩
2088,৫৫৪,৫৫৪
2089,৫৫৭টি,৫৫৭
2090,৫৬,৫৬
2091,৫৬।,৫৬
2092,৫৬টি,৫৬
2093,৫৬০,৫৬০
2094,৫৬০টি,৫৬০
2095,৫৬৪,৫৬৪
2096,৫৬৭টি।,৫৬৭
2097,৫৭,৫৭
2098,৫৭-৩৬,৫৭৩৬
2099,৫৭টি,৫৭
2100,৫৭০,৫৭০
2101,৫৭২,৫৭২
2102,৫৭৩,৫৭৩
2103,৫৭৪,৫৭৪
2104,৫৭৫,৫৭৫
2105,৫৭৬,৫৭৬
2106,৫৭৭,৫৭৭
2107,৫৭৮,৫৭৮
2108,৫৮,৫৮
2109,৫৮-৯,৫৮৯
2110,"৫৮/১০,",৫৮১০
2111,৫৮।,৫৮
2112,৫৮০,৫৮০
2113,৫৮১টি,৫৮১
2114,৫৮২,৫৮২
2115,৫৮৩,৫৮৩
2116,৫৮৫,৫৮৫
2117,৫৮৬,৫৮৬
2118,৫৮৭,৫৮৭
2119,৫৯,৫৯
2120,৫৯.৯৬,৫৯৯৬
2121,৫৯টি,৫৯
2122,৫৯০,৫৯০
2123,৫৯০০,৫৯০০
2124,৫৯২,৫৯২
2125,৫৯৪,৫৯৪
2126,৫৯৫,৫৯৫
2127,৫৯৯,৫৯৯
2128,৫৯৯/৬।,৫৯৯৬
2129,৫’শ,৫
2130,৬,৬
2131,"৬,",৬
2132,৬-০,৬০
2133,"৬-০,",৬০
2134,৬-১,৬১
2135,"৬-১,",৬১
2136,"৬-১-২৮-১,",৬১২৮১
2137,৬-২,৬২
2138,"৬-২,",৬২
2139,৬-৩,৬৩
2140,"৬-৩,",৬৩
2141,"৬-৪,",৬৪
2142,৬-৪-এ,৬৪
2143,৬-৭,৬৭
2144,৬-৭টি,৬৭
2145,৬-৮জন,৬৮
2146,৬.,৬
2147,৬.৬-এর,৬৬
2148,৬।,৬
2149,৬টা,৬
2150,৬টা),৬
2151,৬টার,৬
2152,৬টায়,৬
2153,৬টায়।,৬
2154,৬টি,৬
2155,৬টিতে,৬
2156,৬টিতেই,৬
2157,৬নং,৬
2158,৬শ’,৬
2159,৬শ’র,৬
2160,৬ষ্ট,৬
2161,৬ষ্ঠ,৬
2162,৬০,৬০
2163,৬০!,৬০
2164,৬০%-এর,৬০
2165,"৬০,",৬০
2166,৬০-এর,৬০
2167,৬০-৬২,৬০৬২
2168,৬০-৭০,৬০৭০
2169,৬০-৭০টির,৬০৭০
2170,৬০.১১,৬০১১
2171,৬০।,৬০
2172,৬০টি,৬০
2173,৬০নং,৬০
2174,৬০০,৬০০
2175,৬০১।,৬০১
2176,৬০৪,৬০৪
2177,৬০৪১,৬০৪১
2178,৬০৫১,৬০৫১
2179,৬০৮,৬০৮
2180,৬১,৬১
2181,৬১.৫,৬১৫
2182,৬১।,৬১
2183,৬১টি,৬১
2184,৬১তম।,৬১
2185,৬১০,৬১০
2186,৬১৩টিতে।,৬১৩
2187,৬১৮,৬১৮
2188,৬২,৬২
2189,"৬২,",৬২
2190,৬২টি,৬২
2191,৬২টি।,৬২
2192,৬২তম,৬২
2193,৬২০,৬২০
2194,"৬২০টি,",৬২০
2195,৬২২,৬২২
2196,৬২৫তম,৬২৫
2197,৬২৮,৬২৮
2198,৬৩,৬৩
2199,৬৩।,৬৩
2200,৬৩টি,৬৩
2201,৬৩১,৬৩১
2202,৬৩২,৬৩২
2203,৬৩৫,৬৩৫
2204,৬৩৮,৬৩৮
2205,৬৩৯,৬৩৯
2206,৬৪,৬৪
2207,৬৪টি,৬৪
2208,৬৪তম,৬৪
2209,৬৪৫,৬৪৫
2210,৬৪৫টি,৬৪৫
2211,৬৪৯টি,৬৪৯
2212,৬৫,৬৫
2213,"৬৫,",৬৫
2214,৬৫-৬৮,৬৫৬৮
2215,৬৫টি,৬৫
2216,৬৫০,৬৫০
2217,৬৫৬,৬৫৬
2218,৬৫৭টি,৬৫৭
2219,৬৫৯,৬৫৯
2220,৬৬,৬৬
2221,৬৬টি।,৬৬
2222,৬৬তম,৬৬
2223,৬৬০,৬৬০
2224,৬৬১,৬৬১
2225,৬৬২,৬৬২
2226,৬৬৩,৬৬৩
2227,৬৬৪সহ,৬৬৪
2228,৬৬৬,৬৬৬
2229,৬৬৯,৬৬৯
2230,৬৭,৬৭
2231,৬৭তম,৬৭
2232,৬৭০টি,৬৭০
2233,৬৭৩,৬৭৩
2234,৬৭৫,৬৭৫
2235,৬৭৮,৬৭৮
2236,৬৮,৬৮
2237,৬৮*।,৬৮
2238,"৬৮,",৬৮
2239,৬৮জন,৬৮
2240,৬৮তম,৬৮
2241,৬৮০,৬৮০
2242,৬৮১,৬৮১
2243,৬৮৪টি,৬৮৪
2244,৬৮৬,৬৮৬
2245,৬৮৭,৬৮৭
2246,৬৯,৬৯
2247,৬৯তম,৬৯
2248,"৬৯তম,",৬৯
2249,৬৯৬,৬৯৬
2250,৬৯৯,৬৯৯
2251,৭,৭
2252,"৭,",৭
2253,"৭,০০০",৭০০০
2254,৭-এ/০৮নং,৭০৮
2255,৭-০,৭০
2256,৭-১,৭১
2257,৭-৫,৭৫
2258,"৭-৫,",৭৫
2259,৭-৬,৭৬
2260,"৭-৬,",৭৬
2261,৭-৮,৭৮
2262,৭.২,৭২
2263,৭.৪,৭৪
2264,৭/৮জন,৭৮
2265,৭/৮টি,৭৮
2266,৭টা,৭
2267,"৭টা,",৭
2268,৭টার,৭
2269,৭টায়,৭
2270,৭টি,৭
2271,৭টিই,৭
2272,৭টিতে,৭
2273,৭নং,৭
2274,৭ম,৭
2275,৭শ’,৭
2276,৭০,৭০
2277,"৭০,",৭০
2278,৭০/৮০,৭০৮০
2279,৭০।,৭০
2280,৭০টি,৭০
2281,৭০তম,৭০
2282,৭০০,৭০০
2283,"৭০০,",৭০০
2284,৭০০টি,৭০০
2285,৭০১,৭০১
2286,৭০২,৭০২
2287,৭০২টি,৭০২
2288,৭০৪,৭০৪
2289,৭০৫,৭০৫
2290,৭০৯।,৭০৯
2291,৭১,৭১
2292,৭১টি,৭১
2293,৭১টি।,৭১
2294,৭১তম,৭১
2295,৭১৩,৭১৩
2296,৭১৫,৭১৫
2297,৭১৬,৭১৬
2298,৭১’,৭১
2299,৭২,৭২
2300,"৭২,",৭২
2301,৭২-এর,৭২
2302,৭২টি,৭২
2303,৭২তম,৭২
2304,৭২০,৭২০
2305,৭২৪,৭২৪
2306,৭২৫টি,৭২৫
2307,৭২৬,৭২৬
2308,৭৩,৭৩
2309,"৭৩,",৭৩
2310,৭৩.২৫,৭৩২৫
2311,৭৩।,৭৩
2312,৭৩টি,৭৩
2313,৭৩২টি,৭৩২
2314,৭৩৪,৭৩৪
2315,৭৩৬,৭৩৬
2316,৭৩৭,৭৩৭
2317,৭৩৯টি,৭৩৯
2318,৭৪,৭৪
2319,"৭৪,",৭৪
2320,"৭৪,৩৩২",৭৪৩৩২
2321,৭৪.৭০,৭৪৭০
2322,"৭৪টি,",৭৪
2323,৭৪তম,৭৪
2324,৭৪০,৭৪০
2325,৭৪৪,৭৪৪
2326,৭৪৪টি,৭৪৪
2327,৭৫,৭৫
2328,"৭৫,",৭৫
2329,৭৫.২৫,৭৫২৫
2330,৭৫টি,৭৫
2331,৭৫টি।,৭৫
2332,৭৫তম,৭৫
2333,৭৫০,৭৫০
2334,৭৫০০,৭৫০০
2335,৭৫২,৭৫২
2336,৭৫২টি,৭৫২
2337,৭৫৬,৭৫৬
2338,৭৫৮,৭৫৮
2339,৭৫৯,৭৫৯
2340,৭৬,৭৬
2341,৭৬তম,৭৬
2342,৭৬১,৭৬১
2343,৭৬১নং,৭৬১
2344,৭৬৪।,৭৬৪
2345,৭৬৫,৭৬৫
2346,৭৭,৭৭
2347,৭৭.১৫০,৭৭১৫০
2348,"৭৭তম,",৭৭
2349,৭৭০,৭৭০
2350,৭৭১টি,৭৭১
2351,৭৭২।,৭৭২
2352,৭৭৪,৭৭৪
2353,৭৭৭,৭৭৭
2354,৭৮,৭৮
2355,"৭৮,",৭৮
2356,৭৮/১।,৭৮১
2357,৭৮টি,৭৮
2358,৭৮তম,৭৮
2359,৭৮১,৭৮১
2360,৭৮৩,৭৮৩
2361,৭৮৪,৭৮৪
2362,৭৮৫,৭৮৫
2363,৭৯,৭৯
2364,৭৯টি,৭৯
2365,৭৯০টি,৭৯০
2366,৭৯৫,৭৯৫
2367,৭৯৯,৭৯৯
2368,৮,৮
2369,"৮*,",৮
2370,"৮,",৮
2371,"৮,২৫০-২০,০১০",৮২৫০২০০১০
2372,"৮,৪০০",৮৪০০
2373,"৮,৮৮৪",৮৮৮৪
2374,৮-এ,৮
2375,৮-০,৮০
2376,৮-১,৮১
2377,৮-১০,৮১০
2378,৮-২,৮২
2379,৮-২২,৮২২
2380,৮-৫-৩-১।,৮৫৩১
2381,৮-৯,৮৯
2382,৮.১,৮১
2383,৮.৫,৮৫
2384,৮.৬০।,৮৬০
2385,৮।,৮
2386,৮টা,৮
2387,৮টার,৮
2388,৮টায়,৮
2389,৮টায়।,৮
2390,৮টি,৮
2391,৮নং,৮
2392,৮ম,৮
2393,৮শ’,৮
2394,৮০,৮০
2395,৮০+,৮০
2396,"৮০,",৮০
2397,৮০/১২০,৮০১২০
2398,৮০টি,৮০
2399,৮০টির,৮০
2400,৮০টিরও,৮০
2401,৮০তম,৮০
2402,৮০০,৮০০
2403,৮০৬,৮০৬
2404,৮১,৮১
2405,৮১),৮১
2406,"৮১,",৮১
2407,৮১তম,৮১
2408,৮১৬,৮১৬
2409,৮১৭টি,৮১৭
2410,৮২,৮২
2411,৮২.৩,৮২৩
2412,৮২তম,৮২
2413,৮২১,৮২১
2414,৮২৭,৮২৭
2415,৮২৯।,৮২৯
2416,৮৩,৮৩
2417,৮৩টি,৮৩
2418,৮৩তম,৮৩
2419,৮৩০টি,৮৩০
2420,৮৩৩,৮৩৩
2421,৮৩৪,৮৩৪
2422,৮৩৬টি,৮৩৬
2423,৮৩৭টি,৮৩৭
2424,৮৪,৮৪
2425,৮৪/১০,৮৪১০
2426,৮৪।,৮৪
2427,৮৪৮,৮৪৮
2428,৮৫,৮৫
2429,"৮৫,",৮৫
2430,৮৫-নং,৮৫
2431,৮৫টি,৮৫
2432,৮৫০,৮৫০
2433,৮৫৩,৮৫৩
2434,৮৫৪*৪৮০,৮৫৪৪৮০
2435,৮৫৬,৮৫৬
2436,৮৬,৮৬
2437,৮৬-লা,৮৬
2438,৮৬/১৬),৮৬১৬
2439,৮৬।,৮৬
2440,৮৬তম,৮৬
2441,৮৬৮,৮৬৮
2442,৮৭,৮৭
2443,৮৭টি,৮৭
2444,৮৭০,৮৭০
2445,৮৭২,৮৭২
2446,৮৭৬টি।,৮৭৬
2447,৮৮,৮৮
2448,৮৮*,৮৮
2449,৮৮-৩১,৮৮৩১
2450,৮৮.৪,৮৮৪
2451,৮৮/৩,৮৮৩
2452,৮৮৪,৮৮৪
2453,৮৮৬টি,৮৮৬
2454,৮৮৭,৮৮৭
2455,৮৯,৮৯
2456,৮৯কোহলি,৮৯
2457,৮৯টি,৮৯
2458,৮৯তম,৮৯
2459,৮৯৬,৮৯৬
2460,৮৯৭,৮৯৭
2461,৮’র,৮
2462,৯,৯
2463,৯*।,৯
2464,"৯,",৯
2465,"৯,২৮৪",৯২৮৪
2466,"৯,৫৬০।",৯৫৬০
2467,৯-এর,৯
2468,৯-০,৯০
2469,৯-১০,৯১০
2470,৯-১১,৯১১
2471,৯-২,৯২
2472,"৯-২-৩০-২,",৯২৩০২
2473,৯.৩০,৯৩০
2474,৯.৯৪,৯৯৪
2475,৯/১১,৯১১
2476,৯টা,৯
2477,৯টা),৯
2478,৯টার,৯
2479,৯টায়,৯
2480,৯টায়),৯
2481,"৯টায়,",৯
2482,৯টায়।,৯
2483,৯টি,৯
2484,৯নং,৯
2485,৯ম,৯
2486,৯শ’,৯
2487,৯০,৯০
2488,"৯০,",৯০
2489,৯০-১০০,৯০১০০
2490,৯০.১১।,৯০১১
2491,৯০।,৯০
2492,৯০টি,৯০
2493,"৯০তম,",৯০
2494,৯০০,৯০০
2495,৯০০০,৯০০০
2496,৯০২,৯০২
2497,৯০৩,৯০৩
2498,৯০৫,৯০৫
2499,৯০৬,৯০৬
2500,৯০৮,৯০৮
2501,৯০৮টি,৯০৮
2502,৯১,৯১
2503,"৯১/৮,",৯১৮
2504,৯১টি,৯১
2505,৯১০,৯১০
2506,৯১১,৯১১
2507,৯১২.৮৯,৯১২৮৯
2508,৯১৪,৯১৪
2509,৯১৬,৯১৬
2510,৯২,৯২
2511,৯২.৪২।,৯২৪২
2512,৯২.৫১,৯২৫১
2513,৯২টি,৯২
2514,৯২৬,৯২৬
2515,৯৩,৯৩
2516,৯৩।,৯৩
2517,৯৩টি,৯৩
2518,৯৩৩,৯৩৩
2519,৯৩৫,৯৩৫
2520,৯৪,৯৪
2521,৯৪.৫,৯৪৫
2522,৯৪টি,৯৪
2523,৯৪তম।,৯৪
2524,৯৪৪টি,৯৪৪
2525,৯৪৪৩,৯৪৪৩
2526,৯৪৮,৯৪৮
2527,৯৫,৯৫
2528,৯৫-৯০০২৩৫৯।,৯৫৯০০২৩৫৯
2529,৯৫টি,৯৫
2530,৯৫০,৯৫০
2531,৯৫১,৯৫১
2532,৯৫৩,৯৫৩
2533,"৯৫৫৫৯৪৭,",৯৫৫৫৯৪৭
2534,৯৫৫৫৯৫১।,৯৫৫৫৯৫১
2535,৯৫৫৬৪০৭,৯৫৫৬৪০৭
2536,৯৫৫৮৩৩৭।,৯৫৫৮৩৩৭
2537,"৯৫৫৯৪৯৩,",৯৫৫৯৪৯৩
2538,"৯৫৫৯৬৪৩,",৯৫৫৯৬৪৩
2539,৯৫৬,৯৫৬
2540,৯৫৬৩৩৯৭,৯৫৬৩৩৯৭
2541,৯৬,৯৬
2542,৯৬টি,৯৬
2543,৯৬তম,৯৬
2544,৯৬০,৯৬০
2545,৯৬৩-র,৯৬৩
2546,৯৬৪,৯৬৪
2547,৯৬৯,৯৬৯
2548,৯৭,৯৭
2549,৯৭টি,৯৭
2550,৯৭তম,৯৭
2551,৯৭২,৯৭২
2552,৯৮,৯৮
2553,"৯৮,",৯৮
2554,৯৮২,৯৮২
2555,৯৯,৯৯
2556,"৯৯/১০,",৯৯১০
2557,৯৯টি,৯৯
2558,৯৯০টি,৯৯০
2559,৯৯২,৯৯২
2560,‘(১),১
2561,‘ই৩,৩
2562,‘এ’৬১৯।,৬১৯
2563,‘কৃষ-৪’,৪
2564,‘চারুলতা-২০১৬’,২০১৬
2565,‘পোড়ামন-২’,২
2566,‘প্যাকেজ-২’-তে,২
2567,‘ভিশন-২০৩০’,২০৩০
2568,‘সানায়াফ-৬’,৬
2569,‘১৭,১৭
2570,‘১৯৬১,১৯৬১
2571,‘১৯৭২,১৯৭২
2572,‘১৯৭৫,১৯৭৫
2573,‘২০১১,২০১১
2574,‘২১,২১
2575,‘৩ডি,৩
2576,‘৩০-এর,৩০
2577,‘৩২এম’,৩২
2578,‘৫০,৫০
2579,‘৭,৭
2580,’০১,০১
2581,’০৮-এর,০৮
2582,’১১,১১
2583,’১৯৪৩,১৯৪৩
2584,’৭০,৭০
2585,’৭১,৭১
2586,’৭১-এ,৭১
2587,’৭১-এর,৭১
2588,’৭১-র,৭১
2589,’৭২-এর,৭২
2590,’৭৫,৭৫
2591,’৭৫-এ,৭৫
2592,’৭৫-এর,৭৫
2593,’৭৫-পরবর্তী,৭৫
2594,’৭৫-র,৭৫
2595,’৭৮-এর,৭৮
2596,’৭৯,৭৯
2597,’৮০-এর,৮০
2598,’৮৬,৮৬
2599,’৯০-এর,৯০
2600,"’৯১,",৯১
2601,’৯৩,৯৩
2602,"’৯৬,",৯৬
